ISO-10303-21;
HEADER;
/* Generated by software containing ST-Developer
 * from STEP Tools, Inc. (www.steptools.com) 
 */

FILE_DESCRIPTION(
/* description */ (''),
/* implementation_level */ '2;1');

FILE_NAME(
/* name */ 'robot-v1-holder.step',
/* time_stamp */ '2026-09-07T14:44:12+09:00',
/* author */ (''),
/* organization */ (''),
/* preprocessor_version */ 'ST-DEVELOPER v20.2',
/* originating_system */ 'Autodesk Translation Framework v15.15.0.0',
/* authorisation */ '');

FILE_SCHEMA (('AUTOMOTIVE_DESIGN { 1 0 10303 214 3 1 1 }'));
ENDSEC;

DATA;
#10=MECHANICAL_DESIGN_GEOMETRIC_PRESENTATION_REPRESENTATION('',(#13),#3107);
#11=SHAPE_REPRESENTATION_RELATIONSHIP('SRR','None',#3114,#12);
#12=ADVANCED_BREP_SHAPE_REPRESENTATION('',(#14),#3106);
#13=STYLED_ITEM('',(#3124),#14);
#14=MANIFOLD_SOLID_BREP('A - White PLA holder and stand',#1869);
#15=FACE_BOUND('',#195,.T.);
#16=FACE_BOUND('',#196,.T.);
#17=FACE_BOUND('',#197,.T.);
#18=FACE_BOUND('',#202,.T.);
#19=FACE_BOUND('',#203,.T.);
#20=FACE_BOUND('',#237,.T.);
#21=FACE_BOUND('',#245,.T.);
#22=FACE_BOUND('',#246,.T.);
#23=FACE_BOUND('',#255,.T.);
#24=FACE_BOUND('',#280,.T.);
#25=FACE_BOUND('',#281,.T.);
#26=FACE_BOUND('',#282,.T.);
#27=FACE_BOUND('',#283,.T.);
#28=FACE_BOUND('',#284,.T.);
#29=FACE_BOUND('',#285,.T.);
#30=PLANE('',#1895);
#31=PLANE('',#1896);
#32=PLANE('',#1897);
#33=PLANE('',#1898);
#34=PLANE('',#1899);
#35=PLANE('',#1900);
#36=PLANE('',#1901);
#37=PLANE('',#1926);
#38=PLANE('',#1927);
#39=PLANE('',#1928);
#40=PLANE('',#1929);
#41=PLANE('',#1930);
#42=PLANE('',#1931);
#43=PLANE('',#1932);
#44=PLANE('',#1933);
#45=PLANE('',#1934);
#46=PLANE('',#1938);
#47=PLANE('',#1939);
#48=PLANE('',#1940);
#49=PLANE('',#1941);
#50=PLANE('',#1942);
#51=PLANE('',#1943);
#52=PLANE('',#1944);
#53=PLANE('',#1947);
#54=PLANE('',#1950);
#55=PLANE('',#1953);
#56=PLANE('',#1956);
#57=PLANE('',#1959);
#58=PLANE('',#1962);
#59=PLANE('',#1965);
#60=PLANE('',#1968);
#61=PLANE('',#1969);
#62=PLANE('',#1973);
#63=PLANE('',#1978);
#64=PLANE('',#1981);
#65=PLANE('',#1982);
#66=PLANE('',#1983);
#67=PLANE('',#1984);
#68=PLANE('',#1985);
#69=PLANE('',#1986);
#70=PLANE('',#1987);
#71=PLANE('',#1997);
#72=PLANE('',#1998);
#73=PLANE('',#1999);
#74=PLANE('',#2000);
#75=PLANE('',#2002);
#76=PLANE('',#2003);
#77=PLANE('',#2006);
#78=PLANE('',#2007);
#79=PLANE('',#2009);
#80=PLANE('',#2011);
#81=PLANE('',#2019);
#82=PLANE('',#2021);
#83=PLANE('',#2022);
#84=PLANE('',#2023);
#85=PLANE('',#2024);
#86=PLANE('',#2027);
#87=PLANE('',#2032);
#88=PLANE('',#2037);
#89=PLANE('',#2039);
#90=PLANE('',#2041);
#91=FACE_OUTER_BOUND('',#184,.T.);
#92=FACE_OUTER_BOUND('',#185,.T.);
#93=FACE_OUTER_BOUND('',#186,.T.);
#94=FACE_OUTER_BOUND('',#187,.T.);
#95=FACE_OUTER_BOUND('',#188,.T.);
#96=FACE_OUTER_BOUND('',#189,.T.);
#97=FACE_OUTER_BOUND('',#190,.T.);
#98=FACE_OUTER_BOUND('',#191,.T.);
#99=FACE_OUTER_BOUND('',#192,.T.);
#100=FACE_OUTER_BOUND('',#193,.T.);
#101=FACE_OUTER_BOUND('',#194,.T.);
#102=FACE_OUTER_BOUND('',#198,.T.);
#103=FACE_OUTER_BOUND('',#199,.T.);
#104=FACE_OUTER_BOUND('',#200,.T.);
#105=FACE_OUTER_BOUND('',#201,.T.);
#106=FACE_OUTER_BOUND('',#204,.T.);
#107=FACE_OUTER_BOUND('',#205,.T.);
#108=FACE_OUTER_BOUND('',#206,.T.);
#109=FACE_OUTER_BOUND('',#207,.T.);
#110=FACE_OUTER_BOUND('',#208,.T.);
#111=FACE_OUTER_BOUND('',#209,.T.);
#112=FACE_OUTER_BOUND('',#210,.T.);
#113=FACE_OUTER_BOUND('',#211,.T.);
#114=FACE_OUTER_BOUND('',#212,.T.);
#115=FACE_OUTER_BOUND('',#213,.T.);
#116=FACE_OUTER_BOUND('',#214,.T.);
#117=FACE_OUTER_BOUND('',#215,.T.);
#118=FACE_OUTER_BOUND('',#216,.T.);
#119=FACE_OUTER_BOUND('',#217,.T.);
#120=FACE_OUTER_BOUND('',#218,.T.);
#121=FACE_OUTER_BOUND('',#219,.T.);
#122=FACE_OUTER_BOUND('',#220,.T.);
#123=FACE_OUTER_BOUND('',#221,.T.);
#124=FACE_OUTER_BOUND('',#222,.T.);
#125=FACE_OUTER_BOUND('',#223,.T.);
#126=FACE_OUTER_BOUND('',#224,.T.);
#127=FACE_OUTER_BOUND('',#225,.T.);
#128=FACE_OUTER_BOUND('',#226,.T.);
#129=FACE_OUTER_BOUND('',#227,.T.);
#130=FACE_OUTER_BOUND('',#228,.T.);
#131=FACE_OUTER_BOUND('',#229,.T.);
#132=FACE_OUTER_BOUND('',#230,.T.);
#133=FACE_OUTER_BOUND('',#231,.T.);
#134=FACE_OUTER_BOUND('',#232,.T.);
#135=FACE_OUTER_BOUND('',#233,.T.);
#136=FACE_OUTER_BOUND('',#234,.T.);
#137=FACE_OUTER_BOUND('',#235,.T.);
#138=FACE_OUTER_BOUND('',#236,.T.);
#139=FACE_OUTER_BOUND('',#238,.T.);
#140=FACE_OUTER_BOUND('',#239,.T.);
#141=FACE_OUTER_BOUND('',#240,.T.);
#142=FACE_OUTER_BOUND('',#241,.T.);
#143=FACE_OUTER_BOUND('',#242,.T.);
#144=FACE_OUTER_BOUND('',#243,.T.);
#145=FACE_OUTER_BOUND('',#244,.T.);
#146=FACE_OUTER_BOUND('',#247,.T.);
#147=FACE_OUTER_BOUND('',#248,.T.);
#148=FACE_OUTER_BOUND('',#249,.T.);
#149=FACE_OUTER_BOUND('',#250,.T.);
#150=FACE_OUTER_BOUND('',#251,.T.);
#151=FACE_OUTER_BOUND('',#252,.T.);
#152=FACE_OUTER_BOUND('',#253,.T.);
#153=FACE_OUTER_BOUND('',#254,.T.);
#154=FACE_OUTER_BOUND('',#256,.T.);
#155=FACE_OUTER_BOUND('',#257,.T.);
#156=FACE_OUTER_BOUND('',#258,.T.);
#157=FACE_OUTER_BOUND('',#259,.T.);
#158=FACE_OUTER_BOUND('',#260,.T.);
#159=FACE_OUTER_BOUND('',#261,.T.);
#160=FACE_OUTER_BOUND('',#262,.T.);
#161=FACE_OUTER_BOUND('',#263,.T.);
#162=FACE_OUTER_BOUND('',#264,.T.);
#163=FACE_OUTER_BOUND('',#265,.T.);
#164=FACE_OUTER_BOUND('',#266,.T.);
#165=FACE_OUTER_BOUND('',#267,.T.);
#166=FACE_OUTER_BOUND('',#268,.T.);
#167=FACE_OUTER_BOUND('',#269,.T.);
#168=FACE_OUTER_BOUND('',#270,.T.);
#169=FACE_OUTER_BOUND('',#271,.T.);
#170=FACE_OUTER_BOUND('',#272,.T.);
#171=FACE_OUTER_BOUND('',#273,.T.);
#172=FACE_OUTER_BOUND('',#274,.T.);
#173=FACE_OUTER_BOUND('',#275,.T.);
#174=FACE_OUTER_BOUND('',#276,.T.);
#175=FACE_OUTER_BOUND('',#277,.T.);
#176=FACE_OUTER_BOUND('',#278,.T.);
#177=FACE_OUTER_BOUND('',#279,.T.);
#178=FACE_OUTER_BOUND('',#286,.T.);
#179=FACE_OUTER_BOUND('',#287,.T.);
#180=FACE_OUTER_BOUND('',#288,.T.);
#181=FACE_OUTER_BOUND('',#289,.T.);
#182=FACE_OUTER_BOUND('',#290,.T.);
#183=FACE_OUTER_BOUND('',#291,.T.);
#184=EDGE_LOOP('',(#1208,#1209,#1210,#1211));
#185=EDGE_LOOP('',(#1212,#1213,#1214,#1215));
#186=EDGE_LOOP('',(#1216,#1217,#1218,#1219));
#187=EDGE_LOOP('',(#1220,#1221,#1222,#1223));
#188=EDGE_LOOP('',(#1224,#1225,#1226,#1227));
#189=EDGE_LOOP('',(#1228,#1229,#1230,#1231));
#190=EDGE_LOOP('',(#1232,#1233,#1234,#1235));
#191=EDGE_LOOP('',(#1236,#1237,#1238,#1239));
#192=EDGE_LOOP('',(#1240,#1241,#1242,#1243));
#193=EDGE_LOOP('',(#1244,#1245,#1246,#1247));
#194=EDGE_LOOP('',(#1248,#1249,#1250,#1251,#1252,#1253,#1254,#1255,#1256,
#1257,#1258,#1259,#1260,#1261,#1262,#1263,#1264,#1265,#1266,#1267,#1268,
#1269,#1270,#1271,#1272,#1273));
#195=EDGE_LOOP('',(#1274,#1275,#1276,#1277,#1278,#1279,#1280,#1281));
#196=EDGE_LOOP('',(#1282,#1283,#1284,#1285,#1286,#1287,#1288,#1289));
#197=EDGE_LOOP('',(#1290,#1291,#1292,#1293,#1294,#1295,#1296,#1297,#1298,
#1299,#1300,#1301,#1302,#1303,#1304,#1305,#1306,#1307,#1308,#1309));
#198=EDGE_LOOP('',(#1310,#1311,#1312,#1313));
#199=EDGE_LOOP('',(#1314,#1315,#1316,#1317,#1318,#1319,#1320,#1321));
#200=EDGE_LOOP('',(#1322,#1323,#1324,#1325));
#201=EDGE_LOOP('',(#1326,#1327,#1328,#1329,#1330,#1331,#1332,#1333));
#202=EDGE_LOOP('',(#1334,#1335,#1336,#1337));
#203=EDGE_LOOP('',(#1338,#1339,#1340,#1341));
#204=EDGE_LOOP('',(#1342,#1343,#1344,#1345));
#205=EDGE_LOOP('',(#1346,#1347,#1348,#1349));
#206=EDGE_LOOP('',(#1350,#1351,#1352,#1353));
#207=EDGE_LOOP('',(#1354,#1355,#1356,#1357));
#208=EDGE_LOOP('',(#1358,#1359,#1360,#1361,#1362,#1363,#1364,#1365));
#209=EDGE_LOOP('',(#1366,#1367,#1368,#1369,#1370));
#210=EDGE_LOOP('',(#1371,#1372,#1373,#1374,#1375,#1376,#1377,#1378,#1379));
#211=EDGE_LOOP('',(#1380,#1381,#1382,#1383));
#212=EDGE_LOOP('',(#1384,#1385,#1386,#1387));
#213=EDGE_LOOP('',(#1388,#1389,#1390,#1391));
#214=EDGE_LOOP('',(#1392,#1393,#1394,#1395,#1396));
#215=EDGE_LOOP('',(#1397,#1398,#1399,#1400));
#216=EDGE_LOOP('',(#1401,#1402,#1403,#1404));
#217=EDGE_LOOP('',(#1405,#1406,#1407,#1408));
#218=EDGE_LOOP('',(#1409,#1410,#1411,#1412));
#219=EDGE_LOOP('',(#1413,#1414,#1415,#1416));
#220=EDGE_LOOP('',(#1417,#1418,#1419,#1420));
#221=EDGE_LOOP('',(#1421,#1422,#1423,#1424));
#222=EDGE_LOOP('',(#1425,#1426,#1427,#1428));
#223=EDGE_LOOP('',(#1429,#1430,#1431,#1432));
#224=EDGE_LOOP('',(#1433,#1434,#1435,#1436));
#225=EDGE_LOOP('',(#1437,#1438,#1439,#1440));
#226=EDGE_LOOP('',(#1441,#1442,#1443,#1444));
#227=EDGE_LOOP('',(#1445,#1446,#1447,#1448));
#228=EDGE_LOOP('',(#1449,#1450,#1451,#1452));
#229=EDGE_LOOP('',(#1453,#1454,#1455,#1456));
#230=EDGE_LOOP('',(#1457,#1458,#1459,#1460));
#231=EDGE_LOOP('',(#1461,#1462,#1463,#1464));
#232=EDGE_LOOP('',(#1465,#1466,#1467,#1468,#1469,#1470,#1471,#1472,#1473));
#233=EDGE_LOOP('',(#1474,#1475,#1476,#1477));
#234=EDGE_LOOP('',(#1478,#1479,#1480,#1481,#1482,#1483,#1484,#1485));
#235=EDGE_LOOP('',(#1486,#1487,#1488,#1489));
#236=EDGE_LOOP('',(#1490,#1491,#1492,#1493,#1494,#1495,#1496));
#237=EDGE_LOOP('',(#1497));
#238=EDGE_LOOP('',(#1498,#1499,#1500,#1501));
#239=EDGE_LOOP('',(#1502,#1503,#1504,#1505));
#240=EDGE_LOOP('',(#1506,#1507,#1508,#1509));
#241=EDGE_LOOP('',(#1510,#1511,#1512,#1513));
#242=EDGE_LOOP('',(#1514,#1515,#1516,#1517));
#243=EDGE_LOOP('',(#1518,#1519,#1520,#1521));
#244=EDGE_LOOP('',(#1522,#1523,#1524,#1525,#1526,#1527,#1528,#1529,#1530,
#1531,#1532,#1533,#1534,#1535,#1536,#1537,#1538,#1539,#1540,#1541));
#245=EDGE_LOOP('',(#1542));
#246=EDGE_LOOP('',(#1543));
#247=EDGE_LOOP('',(#1544,#1545,#1546,#1547));
#248=EDGE_LOOP('',(#1548,#1549,#1550,#1551));
#249=EDGE_LOOP('',(#1552,#1553,#1554,#1555));
#250=EDGE_LOOP('',(#1556,#1557,#1558,#1559));
#251=EDGE_LOOP('',(#1560,#1561,#1562,#1563));
#252=EDGE_LOOP('',(#1564,#1565,#1566,#1567));
#253=EDGE_LOOP('',(#1568,#1569,#1570,#1571));
#254=EDGE_LOOP('',(#1572,#1573,#1574,#1575,#1576,#1577,#1578));
#255=EDGE_LOOP('',(#1579));
#256=EDGE_LOOP('',(#1580,#1581,#1582,#1583));
#257=EDGE_LOOP('',(#1584,#1585,#1586,#1587));
#258=EDGE_LOOP('',(#1588,#1589,#1590,#1591));
#259=EDGE_LOOP('',(#1592,#1593,#1594,#1595));
#260=EDGE_LOOP('',(#1596,#1597,#1598,#1599));
#261=EDGE_LOOP('',(#1600,#1601,#1602,#1603));
#262=EDGE_LOOP('',(#1604,#1605,#1606,#1607));
#263=EDGE_LOOP('',(#1608,#1609,#1610,#1611,#1612));
#264=EDGE_LOOP('',(#1613,#1614,#1615,#1616));
#265=EDGE_LOOP('',(#1617,#1618,#1619,#1620,#1621));
#266=EDGE_LOOP('',(#1622,#1623,#1624,#1625));
#267=EDGE_LOOP('',(#1626,#1627,#1628,#1629));
#268=EDGE_LOOP('',(#1630,#1631,#1632,#1633));
#269=EDGE_LOOP('',(#1634,#1635,#1636,#1637));
#270=EDGE_LOOP('',(#1638,#1639,#1640,#1641));
#271=EDGE_LOOP('',(#1642,#1643,#1644,#1645));
#272=EDGE_LOOP('',(#1646,#1647,#1648,#1649));
#273=EDGE_LOOP('',(#1650,#1651,#1652,#1653,#1654));
#274=EDGE_LOOP('',(#1655,#1656,#1657,#1658));
#275=EDGE_LOOP('',(#1659,#1660,#1661,#1662));
#276=EDGE_LOOP('',(#1663,#1664,#1665,#1666,#1667));
#277=EDGE_LOOP('',(#1668,#1669,#1670,#1671));
#278=EDGE_LOOP('',(#1672,#1673,#1674,#1675));
#279=EDGE_LOOP('',(#1676,#1677,#1678,#1679,#1680,#1681,#1682,#1683,#1684,
#1685,#1686,#1687,#1688,#1689,#1690,#1691,#1692,#1693,#1694,#1695,#1696,
#1697,#1698,#1699));
#280=EDGE_LOOP('',(#1700));
#281=EDGE_LOOP('',(#1701));
#282=EDGE_LOOP('',(#1702));
#283=EDGE_LOOP('',(#1703));
#284=EDGE_LOOP('',(#1704,#1705,#1706,#1707,#1708,#1709,#1710,#1711));
#285=EDGE_LOOP('',(#1712,#1713,#1714,#1715,#1716,#1717,#1718,#1719));
#286=EDGE_LOOP('',(#1720,#1721,#1722,#1723));
#287=EDGE_LOOP('',(#1724,#1725,#1726,#1727));
#288=EDGE_LOOP('',(#1728,#1729,#1730,#1731));
#289=EDGE_LOOP('',(#1732,#1733,#1734,#1735));
#290=EDGE_LOOP('',(#1736,#1737,#1738,#1739));
#291=EDGE_LOOP('',(#1740,#1741,#1742,#1743));
#292=LINE('',#2569,#494);
#293=LINE('',#2575,#495);
#294=LINE('',#2581,#496);
#295=LINE('',#2587,#497);
#296=LINE('',#2592,#498);
#297=LINE('',#2594,#499);
#298=LINE('',#2596,#500);
#299=LINE('',#2597,#501);
#300=LINE('',#2601,#502);
#301=LINE('',#2603,#503);
#302=LINE('',#2605,#504);
#303=LINE('',#2606,#505);
#304=LINE('',#2610,#506);
#305=LINE('',#2612,#507);
#306=LINE('',#2614,#508);
#307=LINE('',#2615,#509);
#308=LINE('',#2618,#510);
#309=LINE('',#2620,#511);
#310=LINE('',#2621,#512);
#311=LINE('',#2623,#513);
#312=LINE('',#2624,#514);
#313=LINE('',#2627,#515);
#314=LINE('',#2629,#516);
#315=LINE('',#2630,#517);
#316=LINE('',#2633,#518);
#317=LINE('',#2635,#519);
#318=LINE('',#2639,#520);
#319=LINE('',#2641,#521);
#320=LINE('',#2643,#522);
#321=LINE('',#2647,#523);
#322=LINE('',#2651,#524);
#323=LINE('',#2655,#525);
#324=LINE('',#2659,#526);
#325=LINE('',#2663,#527);
#326=LINE('',#2667,#528);
#327=LINE('',#2669,#529);
#328=LINE('',#2671,#530);
#329=LINE('',#2675,#531);
#330=LINE('',#2676,#532);
#331=LINE('',#2679,#533);
#332=LINE('',#2683,#534);
#333=LINE('',#2687,#535);
#334=LINE('',#2691,#536);
#335=LINE('',#2695,#537);
#336=LINE('',#2699,#538);
#337=LINE('',#2703,#539);
#338=LINE('',#2707,#540);
#339=LINE('',#2711,#541);
#340=LINE('',#2715,#542);
#341=LINE('',#2719,#543);
#342=LINE('',#2721,#544);
#343=LINE('',#2723,#545);
#344=LINE('',#2727,#546);
#345=LINE('',#2729,#547);
#346=LINE('',#2735,#548);
#347=LINE('',#2741,#549);
#348=LINE('',#2743,#550);
#349=LINE('',#2747,#551);
#350=LINE('',#2748,#552);
#351=LINE('',#2751,#553);
#352=LINE('',#2752,#554);
#353=LINE('',#2755,#555);
#354=LINE('',#2757,#556);
#355=LINE('',#2759,#557);
#356=LINE('',#2761,#558);
#357=LINE('',#2762,#559);
#358=LINE('',#2765,#560);
#359=LINE('',#2766,#561);
#360=LINE('',#2769,#562);
#361=LINE('',#2771,#563);
#362=LINE('',#2773,#564);
#363=LINE('',#2774,#565);
#364=LINE('',#2777,#566);
#365=LINE('',#2779,#567);
#366=LINE('',#2781,#568);
#367=LINE('',#2782,#569);
#368=LINE('',#2785,#570);
#369=LINE('',#2787,#571);
#370=LINE('',#2789,#572);
#371=LINE('',#2790,#573);
#372=LINE('',#2792,#574);
#373=LINE('',#2794,#575);
#374=LINE('',#2795,#576);
#375=LINE('',#2800,#577);
#376=LINE('',#2802,#578);
#377=LINE('',#2805,#579);
#378=LINE('',#2810,#580);
#379=LINE('',#2813,#581);
#380=LINE('',#2815,#582);
#381=LINE('',#2816,#583);
#382=LINE('',#2819,#584);
#383=LINE('',#2821,#585);
#384=LINE('',#2822,#586);
#385=LINE('',#2824,#587);
#386=LINE('',#2826,#588);
#387=LINE('',#2828,#589);
#388=LINE('',#2829,#590);
#389=LINE('',#2832,#591);
#390=LINE('',#2833,#592);
#391=LINE('',#2836,#593);
#392=LINE('',#2837,#594);
#393=LINE('',#2840,#595);
#394=LINE('',#2841,#596);
#395=LINE('',#2844,#597);
#396=LINE('',#2846,#598);
#397=LINE('',#2847,#599);
#398=LINE('',#2850,#600);
#399=LINE('',#2852,#601);
#400=LINE('',#2853,#602);
#401=LINE('',#2857,#603);
#402=LINE('',#2860,#604);
#403=LINE('',#2861,#605);
#404=LINE('',#2865,#606);
#405=LINE('',#2868,#607);
#406=LINE('',#2869,#608);
#407=LINE('',#2872,#609);
#408=LINE('',#2876,#610);
#409=LINE('',#2877,#611);
#410=LINE('',#2882,#612);
#411=LINE('',#2884,#613);
#412=LINE('',#2885,#614);
#413=LINE('',#2889,#615);
#414=LINE('',#2892,#616);
#415=LINE('',#2893,#617);
#416=LINE('',#2897,#618);
#417=LINE('',#2900,#619);
#418=LINE('',#2901,#620);
#419=LINE('',#2904,#621);
#420=LINE('',#2908,#622);
#421=LINE('',#2909,#623);
#422=LINE('',#2913,#624);
#423=LINE('',#2916,#625);
#424=LINE('',#2918,#626);
#425=LINE('',#2919,#627);
#426=LINE('',#2920,#628);
#427=LINE('',#2925,#629);
#428=LINE('',#2930,#630);
#429=LINE('',#2933,#631);
#430=LINE('',#2937,#632);
#431=LINE('',#2944,#633);
#432=LINE('',#2946,#634);
#433=LINE('',#2947,#635);
#434=LINE('',#2950,#636);
#435=LINE('',#2952,#637);
#436=LINE('',#2953,#638);
#437=LINE('',#2956,#639);
#438=LINE('',#2958,#640);
#439=LINE('',#2959,#641);
#440=LINE('',#2962,#642);
#441=LINE('',#2963,#643);
#442=LINE('',#2965,#644);
#443=LINE('',#2966,#645);
#444=LINE('',#2969,#646);
#445=LINE('',#2970,#647);
#446=LINE('',#2973,#648);
#447=LINE('',#2974,#649);
#448=LINE('',#2982,#650);
#449=LINE('',#2988,#651);
#450=LINE('',#2990,#652);
#451=LINE('',#2994,#653);
#452=LINE('',#2996,#654);
#453=LINE('',#2998,#655);
#454=LINE('',#3002,#656);
#455=LINE('',#3005,#657);
#456=LINE('',#3007,#658);
#457=LINE('',#3008,#659);
#458=LINE('',#3011,#660);
#459=LINE('',#3013,#661);
#460=LINE('',#3014,#662);
#461=LINE('',#3016,#663);
#462=LINE('',#3017,#664);
#463=LINE('',#3019,#665);
#464=LINE('',#3021,#666);
#465=LINE('',#3024,#667);
#466=LINE('',#3025,#668);
#467=LINE('',#3029,#669);
#468=LINE('',#3032,#670);
#469=LINE('',#3035,#671);
#470=LINE('',#3037,#672);
#471=LINE('',#3039,#673);
#472=LINE('',#3043,#674);
#473=LINE('',#3044,#675);
#474=LINE('',#3049,#676);
#475=LINE('',#3051,#677);
#476=LINE('',#3054,#678);
#477=LINE('',#3059,#679);
#478=LINE('',#3061,#680);
#479=LINE('',#3062,#681);
#480=LINE('',#3065,#682);
#481=LINE('',#3066,#683);
#482=LINE('',#3071,#684);
#483=LINE('',#3073,#685);
#484=LINE('',#3074,#686);
#485=LINE('',#3080,#687);
#486=LINE('',#3085,#688);
#487=LINE('',#3089,#689);
#488=LINE('',#3092,#690);
#489=LINE('',#3094,#691);
#490=LINE('',#3096,#692);
#491=LINE('',#3098,#693);
#492=LINE('',#3100,#694);
#493=LINE('',#3102,#695);
#494=VECTOR('',#2048,1.7);
#495=VECTOR('',#2055,1.7);
#496=VECTOR('',#2062,1.7);
#497=VECTOR('',#2069,1.7);
#498=VECTOR('',#2074,10.);
#499=VECTOR('',#2075,10.);
#500=VECTOR('',#2076,10.);
#501=VECTOR('',#2077,10.);
#502=VECTOR('',#2080,10.);
#503=VECTOR('',#2081,10.);
#504=VECTOR('',#2082,10.);
#505=VECTOR('',#2083,10.);
#506=VECTOR('',#2086,10.);
#507=VECTOR('',#2087,10.);
#508=VECTOR('',#2088,10.);
#509=VECTOR('',#2089,10.);
#510=VECTOR('',#2092,10.);
#511=VECTOR('',#2093,10.);
#512=VECTOR('',#2094,10.);
#513=VECTOR('',#2097,10.);
#514=VECTOR('',#2098,10.);
#515=VECTOR('',#2101,10.);
#516=VECTOR('',#2102,10.);
#517=VECTOR('',#2103,10.);
#518=VECTOR('',#2106,10.);
#519=VECTOR('',#2107,10.);
#520=VECTOR('',#2110,10.);
#521=VECTOR('',#2111,10.);
#522=VECTOR('',#2112,10.);
#523=VECTOR('',#2115,10.);
#524=VECTOR('',#2118,10.);
#525=VECTOR('',#2121,10.);
#526=VECTOR('',#2124,10.);
#527=VECTOR('',#2127,10.);
#528=VECTOR('',#2130,10.);
#529=VECTOR('',#2131,10.);
#530=VECTOR('',#2132,10.);
#531=VECTOR('',#2135,10.);
#532=VECTOR('',#2136,10.);
#533=VECTOR('',#2137,10.);
#534=VECTOR('',#2140,10.);
#535=VECTOR('',#2143,10.);
#536=VECTOR('',#2146,10.);
#537=VECTOR('',#2149,10.);
#538=VECTOR('',#2152,10.);
#539=VECTOR('',#2155,10.);
#540=VECTOR('',#2158,10.);
#541=VECTOR('',#2161,10.);
#542=VECTOR('',#2164,10.);
#543=VECTOR('',#2167,10.);
#544=VECTOR('',#2168,10.);
#545=VECTOR('',#2169,10.);
#546=VECTOR('',#2172,10.);
#547=VECTOR('',#2173,10.);
#548=VECTOR('',#2178,10.);
#549=VECTOR('',#2183,10.);
#550=VECTOR('',#2184,10.);
#551=VECTOR('',#2187,10.);
#552=VECTOR('',#2188,10.);
#553=VECTOR('',#2191,10.);
#554=VECTOR('',#2192,10.);
#555=VECTOR('',#2195,10.);
#556=VECTOR('',#2196,10.);
#557=VECTOR('',#2197,10.);
#558=VECTOR('',#2198,10.);
#559=VECTOR('',#2199,10.);
#560=VECTOR('',#2202,10.);
#561=VECTOR('',#2203,10.);
#562=VECTOR('',#2206,10.);
#563=VECTOR('',#2207,10.);
#564=VECTOR('',#2208,10.);
#565=VECTOR('',#2209,10.);
#566=VECTOR('',#2210,10.);
#567=VECTOR('',#2211,10.);
#568=VECTOR('',#2212,10.);
#569=VECTOR('',#2213,10.);
#570=VECTOR('',#2214,10.);
#571=VECTOR('',#2215,10.);
#572=VECTOR('',#2216,10.);
#573=VECTOR('',#2217,10.);
#574=VECTOR('',#2220,10.);
#575=VECTOR('',#2223,10.);
#576=VECTOR('',#2224,10.);
#577=VECTOR('',#2231,10.);
#578=VECTOR('',#2232,10.);
#579=VECTOR('',#2235,10.);
#580=VECTOR('',#2240,10.);
#581=VECTOR('',#2243,10.);
#582=VECTOR('',#2244,10.);
#583=VECTOR('',#2245,10.);
#584=VECTOR('',#2248,10.);
#585=VECTOR('',#2249,10.);
#586=VECTOR('',#2250,10.);
#587=VECTOR('',#2251,10.);
#588=VECTOR('',#2252,10.);
#589=VECTOR('',#2253,10.);
#590=VECTOR('',#2254,10.);
#591=VECTOR('',#2257,10.);
#592=VECTOR('',#2258,10.);
#593=VECTOR('',#2261,10.);
#594=VECTOR('',#2262,10.);
#595=VECTOR('',#2265,10.);
#596=VECTOR('',#2266,10.);
#597=VECTOR('',#2269,10.);
#598=VECTOR('',#2270,10.);
#599=VECTOR('',#2271,10.);
#600=VECTOR('',#2274,10.);
#601=VECTOR('',#2275,10.);
#602=VECTOR('',#2276,10.);
#603=VECTOR('',#2281,10.);
#604=VECTOR('',#2284,10.);
#605=VECTOR('',#2285,10.);
#606=VECTOR('',#2290,10.);
#607=VECTOR('',#2293,10.);
#608=VECTOR('',#2294,10.);
#609=VECTOR('',#2297,10.);
#610=VECTOR('',#2302,10.);
#611=VECTOR('',#2303,10.);
#612=VECTOR('',#2310,10.);
#613=VECTOR('',#2311,10.);
#614=VECTOR('',#2312,10.);
#615=VECTOR('',#2317,10.);
#616=VECTOR('',#2320,10.);
#617=VECTOR('',#2321,10.);
#618=VECTOR('',#2326,10.);
#619=VECTOR('',#2329,10.);
#620=VECTOR('',#2330,10.);
#621=VECTOR('',#2333,10.);
#622=VECTOR('',#2338,10.);
#623=VECTOR('',#2339,10.);
#624=VECTOR('',#2346,10.);
#625=VECTOR('',#2349,10.);
#626=VECTOR('',#2350,10.);
#627=VECTOR('',#2351,10.);
#628=VECTOR('',#2352,10.);
#629=VECTOR('',#2357,10.);
#630=VECTOR('',#2364,10.);
#631=VECTOR('',#2367,10.);
#632=VECTOR('',#2372,10.);
#633=VECTOR('',#2379,10.);
#634=VECTOR('',#2380,10.);
#635=VECTOR('',#2381,10.);
#636=VECTOR('',#2384,10.);
#637=VECTOR('',#2385,10.);
#638=VECTOR('',#2386,10.);
#639=VECTOR('',#2389,10.);
#640=VECTOR('',#2390,10.);
#641=VECTOR('',#2391,10.);
#642=VECTOR('',#2394,10.);
#643=VECTOR('',#2395,10.);
#644=VECTOR('',#2398,10.);
#645=VECTOR('',#2399,10.);
#646=VECTOR('',#2402,10.);
#647=VECTOR('',#2403,10.);
#648=VECTOR('',#2406,10.);
#649=VECTOR('',#2407,10.);
#650=VECTOR('',#2416,10.);
#651=VECTOR('',#2421,10.);
#652=VECTOR('',#2422,10.);
#653=VECTOR('',#2425,10.);
#654=VECTOR('',#2426,10.);
#655=VECTOR('',#2427,10.);
#656=VECTOR('',#2430,10.);
#657=VECTOR('',#2435,10.);
#658=VECTOR('',#2438,10.);
#659=VECTOR('',#2439,10.);
#660=VECTOR('',#2442,10.);
#661=VECTOR('',#2443,10.);
#662=VECTOR('',#2444,10.);
#663=VECTOR('',#2447,10.);
#664=VECTOR('',#2448,10.);
#665=VECTOR('',#2451,10.);
#666=VECTOR('',#2454,10.);
#667=VECTOR('',#2457,10.);
#668=VECTOR('',#2458,10.);
#669=VECTOR('',#2463,10.);
#670=VECTOR('',#2468,10.);
#671=VECTOR('',#2473,10.);
#672=VECTOR('',#2476,10.);
#673=VECTOR('',#2479,10.);
#674=VECTOR('',#2486,10.);
#675=VECTOR('',#2487,10.);
#676=VECTOR('',#2496,10.);
#677=VECTOR('',#2499,10.);
#678=VECTOR('',#2504,10.);
#679=VECTOR('',#2511,10.);
#680=VECTOR('',#2512,10.);
#681=VECTOR('',#2513,10.);
#682=VECTOR('',#2516,10.);
#683=VECTOR('',#2517,10.);
#684=VECTOR('',#2524,10.);
#685=VECTOR('',#2525,10.);
#686=VECTOR('',#2526,10.);
#687=VECTOR('',#2535,10.);
#688=VECTOR('',#2540,10.);
#689=VECTOR('',#2543,10.);
#690=VECTOR('',#2546,10.);
#691=VECTOR('',#2549,10.);
#692=VECTOR('',#2552,10.);
#693=VECTOR('',#2555,10.);
#694=VECTOR('',#2558,10.);
#695=VECTOR('',#2561,10.);
#696=CIRCLE('',#1884,1.7);
#697=CIRCLE('',#1885,1.7);
#698=CIRCLE('',#1887,1.7);
#699=CIRCLE('',#1888,1.7);
#700=CIRCLE('',#1890,1.7);
#701=CIRCLE('',#1891,1.7);
#702=CIRCLE('',#1893,1.7);
#703=CIRCLE('',#1894,1.7);
#704=CIRCLE('',#1902,9.5);
#705=CIRCLE('',#1903,4.);
#706=CIRCLE('',#1904,6.);
#707=CIRCLE('',#1905,6.00000000000001);
#708=CIRCLE('',#1906,6.);
#709=CIRCLE('',#1907,6.00000000000001);
#710=CIRCLE('',#1908,4.);
#711=CIRCLE('',#1909,9.50000000000001);
#712=CIRCLE('',#1910,4.);
#713=CIRCLE('',#1911,4.);
#714=CIRCLE('',#1912,4.);
#715=CIRCLE('',#1913,4.);
#716=CIRCLE('',#1914,2.);
#717=CIRCLE('',#1915,2.);
#718=CIRCLE('',#1916,2.);
#719=CIRCLE('',#1917,2.);
#720=CIRCLE('',#1918,9.5);
#721=CIRCLE('',#1919,9.5);
#722=CIRCLE('',#1920,5.);
#723=CIRCLE('',#1921,5.);
#724=CIRCLE('',#1922,11.9);
#725=CIRCLE('',#1923,11.9);
#726=CIRCLE('',#1924,5.);
#727=CIRCLE('',#1925,5.);
#728=CIRCLE('',#1935,6.00000000000001);
#729=CIRCLE('',#1936,4.);
#730=CIRCLE('',#1937,11.9);
#731=CIRCLE('',#1946,4.);
#732=CIRCLE('',#1949,4.);
#733=CIRCLE('',#1952,4.);
#734=CIRCLE('',#1955,4.);
#735=CIRCLE('',#1958,2.);
#736=CIRCLE('',#1961,2.);
#737=CIRCLE('',#1964,2.);
#738=CIRCLE('',#1967,2.);
#739=CIRCLE('',#1971,11.9);
#740=CIRCLE('',#1972,11.9);
#741=CIRCLE('',#1974,4.);
#742=CIRCLE('',#1975,6.);
#743=CIRCLE('',#1977,9.5);
#744=CIRCLE('',#1979,11.9);
#745=CIRCLE('',#1980,4.);
#746=CIRCLE('',#1988,5.);
#747=CIRCLE('',#1989,5.);
#748=CIRCLE('',#1990,11.9);
#749=CIRCLE('',#1991,11.9);
#750=CIRCLE('',#1992,5.);
#751=CIRCLE('',#1993,5.);
#752=CIRCLE('',#1994,9.5);
#753=CIRCLE('',#1995,9.5);
#754=CIRCLE('',#2004,9.50000000000001);
#755=CIRCLE('',#2005,4.);
#756=CIRCLE('',#2026,6.);
#757=CIRCLE('',#2029,6.00000000000001);
#758=CIRCLE('',#2031,6.);
#759=CIRCLE('',#2033,6.00000000000001);
#760=CIRCLE('',#2034,6.);
#761=CIRCLE('',#2035,6.00000000000001);
#762=VERTEX_POINT('',#2566);
#763=VERTEX_POINT('',#2568);
#764=VERTEX_POINT('',#2572);
#765=VERTEX_POINT('',#2574);
#766=VERTEX_POINT('',#2578);
#767=VERTEX_POINT('',#2580);
#768=VERTEX_POINT('',#2584);
#769=VERTEX_POINT('',#2586);
#770=VERTEX_POINT('',#2590);
#771=VERTEX_POINT('',#2591);
#772=VERTEX_POINT('',#2593);
#773=VERTEX_POINT('',#2595);
#774=VERTEX_POINT('',#2599);
#775=VERTEX_POINT('',#2600);
#776=VERTEX_POINT('',#2602);
#777=VERTEX_POINT('',#2604);
#778=VERTEX_POINT('',#2608);
#779=VERTEX_POINT('',#2609);
#780=VERTEX_POINT('',#2611);
#781=VERTEX_POINT('',#2613);
#782=VERTEX_POINT('',#2617);
#783=VERTEX_POINT('',#2619);
#784=VERTEX_POINT('',#2626);
#785=VERTEX_POINT('',#2628);
#786=VERTEX_POINT('',#2632);
#787=VERTEX_POINT('',#2634);
#788=VERTEX_POINT('',#2636);
#789=VERTEX_POINT('',#2638);
#790=VERTEX_POINT('',#2640);
#791=VERTEX_POINT('',#2642);
#792=VERTEX_POINT('',#2644);
#793=VERTEX_POINT('',#2646);
#794=VERTEX_POINT('',#2648);
#795=VERTEX_POINT('',#2650);
#796=VERTEX_POINT('',#2652);
#797=VERTEX_POINT('',#2654);
#798=VERTEX_POINT('',#2656);
#799=VERTEX_POINT('',#2658);
#800=VERTEX_POINT('',#2660);
#801=VERTEX_POINT('',#2662);
#802=VERTEX_POINT('',#2664);
#803=VERTEX_POINT('',#2666);
#804=VERTEX_POINT('',#2668);
#805=VERTEX_POINT('',#2670);
#806=VERTEX_POINT('',#2672);
#807=VERTEX_POINT('',#2674);
#808=VERTEX_POINT('',#2677);
#809=VERTEX_POINT('',#2678);
#810=VERTEX_POINT('',#2680);
#811=VERTEX_POINT('',#2682);
#812=VERTEX_POINT('',#2684);
#813=VERTEX_POINT('',#2686);
#814=VERTEX_POINT('',#2688);
#815=VERTEX_POINT('',#2690);
#816=VERTEX_POINT('',#2693);
#817=VERTEX_POINT('',#2694);
#818=VERTEX_POINT('',#2696);
#819=VERTEX_POINT('',#2698);
#820=VERTEX_POINT('',#2700);
#821=VERTEX_POINT('',#2702);
#822=VERTEX_POINT('',#2704);
#823=VERTEX_POINT('',#2706);
#824=VERTEX_POINT('',#2709);
#825=VERTEX_POINT('',#2710);
#826=VERTEX_POINT('',#2712);
#827=VERTEX_POINT('',#2714);
#828=VERTEX_POINT('',#2716);
#829=VERTEX_POINT('',#2718);
#830=VERTEX_POINT('',#2720);
#831=VERTEX_POINT('',#2722);
#832=VERTEX_POINT('',#2724);
#833=VERTEX_POINT('',#2726);
#834=VERTEX_POINT('',#2728);
#835=VERTEX_POINT('',#2730);
#836=VERTEX_POINT('',#2732);
#837=VERTEX_POINT('',#2734);
#838=VERTEX_POINT('',#2736);
#839=VERTEX_POINT('',#2738);
#840=VERTEX_POINT('',#2740);
#841=VERTEX_POINT('',#2742);
#842=VERTEX_POINT('',#2744);
#843=VERTEX_POINT('',#2746);
#844=VERTEX_POINT('',#2750);
#845=VERTEX_POINT('',#2754);
#846=VERTEX_POINT('',#2756);
#847=VERTEX_POINT('',#2758);
#848=VERTEX_POINT('',#2760);
#849=VERTEX_POINT('',#2764);
#850=VERTEX_POINT('',#2768);
#851=VERTEX_POINT('',#2770);
#852=VERTEX_POINT('',#2772);
#853=VERTEX_POINT('',#2775);
#854=VERTEX_POINT('',#2776);
#855=VERTEX_POINT('',#2778);
#856=VERTEX_POINT('',#2780);
#857=VERTEX_POINT('',#2783);
#858=VERTEX_POINT('',#2784);
#859=VERTEX_POINT('',#2786);
#860=VERTEX_POINT('',#2788);
#861=VERTEX_POINT('',#2799);
#862=VERTEX_POINT('',#2801);
#863=VERTEX_POINT('',#2803);
#864=VERTEX_POINT('',#2806);
#865=VERTEX_POINT('',#2808);
#866=VERTEX_POINT('',#2812);
#867=VERTEX_POINT('',#2814);
#868=VERTEX_POINT('',#2818);
#869=VERTEX_POINT('',#2820);
#870=VERTEX_POINT('',#2823);
#871=VERTEX_POINT('',#2825);
#872=VERTEX_POINT('',#2827);
#873=VERTEX_POINT('',#2831);
#874=VERTEX_POINT('',#2835);
#875=VERTEX_POINT('',#2839);
#876=VERTEX_POINT('',#2843);
#877=VERTEX_POINT('',#2845);
#878=VERTEX_POINT('',#2849);
#879=VERTEX_POINT('',#2851);
#880=VERTEX_POINT('',#2855);
#881=VERTEX_POINT('',#2859);
#882=VERTEX_POINT('',#2863);
#883=VERTEX_POINT('',#2867);
#884=VERTEX_POINT('',#2871);
#885=VERTEX_POINT('',#2875);
#886=VERTEX_POINT('',#2881);
#887=VERTEX_POINT('',#2883);
#888=VERTEX_POINT('',#2887);
#889=VERTEX_POINT('',#2891);
#890=VERTEX_POINT('',#2895);
#891=VERTEX_POINT('',#2899);
#892=VERTEX_POINT('',#2903);
#893=VERTEX_POINT('',#2907);
#894=VERTEX_POINT('',#2915);
#895=VERTEX_POINT('',#2917);
#896=VERTEX_POINT('',#2922);
#897=VERTEX_POINT('',#2924);
#898=VERTEX_POINT('',#2929);
#899=VERTEX_POINT('',#2931);
#900=VERTEX_POINT('',#2935);
#901=VERTEX_POINT('',#2939);
#902=VERTEX_POINT('',#2941);
#903=VERTEX_POINT('',#2943);
#904=VERTEX_POINT('',#2945);
#905=VERTEX_POINT('',#2949);
#906=VERTEX_POINT('',#2951);
#907=VERTEX_POINT('',#2955);
#908=VERTEX_POINT('',#2957);
#909=VERTEX_POINT('',#2961);
#910=VERTEX_POINT('',#2968);
#911=VERTEX_POINT('',#2972);
#912=VERTEX_POINT('',#2977);
#913=VERTEX_POINT('',#2979);
#914=VERTEX_POINT('',#2981);
#915=VERTEX_POINT('',#2983);
#916=VERTEX_POINT('',#2985);
#917=VERTEX_POINT('',#2987);
#918=VERTEX_POINT('',#2989);
#919=VERTEX_POINT('',#2991);
#920=VERTEX_POINT('',#2993);
#921=VERTEX_POINT('',#2995);
#922=VERTEX_POINT('',#2997);
#923=VERTEX_POINT('',#2999);
#924=VERTEX_POINT('',#3001);
#925=VERTEX_POINT('',#3010);
#926=VERTEX_POINT('',#3012);
#927=VERTEX_POINT('',#3023);
#928=VERTEX_POINT('',#3028);
#929=VERTEX_POINT('',#3058);
#930=VERTEX_POINT('',#3060);
#931=VERTEX_POINT('',#3064);
#932=VERTEX_POINT('',#3070);
#933=VERTEX_POINT('',#3072);
#934=VERTEX_POINT('',#3078);
#935=VERTEX_POINT('',#3082);
#936=VERTEX_POINT('',#3084);
#937=VERTEX_POINT('',#3086);
#938=VERTEX_POINT('',#3088);
#939=VERTEX_POINT('',#3090);
#940=EDGE_CURVE('',#762,#762,#696,.T.);
#941=EDGE_CURVE('',#762,#763,#292,.T.);
#942=EDGE_CURVE('',#763,#763,#697,.T.);
#943=EDGE_CURVE('',#764,#764,#698,.T.);
#944=EDGE_CURVE('',#764,#765,#293,.T.);
#945=EDGE_CURVE('',#765,#765,#699,.T.);
#946=EDGE_CURVE('',#766,#766,#700,.T.);
#947=EDGE_CURVE('',#766,#767,#294,.T.);
#948=EDGE_CURVE('',#767,#767,#701,.T.);
#949=EDGE_CURVE('',#768,#768,#702,.T.);
#950=EDGE_CURVE('',#768,#769,#295,.T.);
#951=EDGE_CURVE('',#769,#769,#703,.T.);
#952=EDGE_CURVE('',#770,#771,#296,.T.);
#953=EDGE_CURVE('',#770,#772,#297,.T.);
#954=EDGE_CURVE('',#773,#772,#298,.T.);
#955=EDGE_CURVE('',#771,#773,#299,.T.);
#956=EDGE_CURVE('',#774,#775,#300,.T.);
#957=EDGE_CURVE('',#776,#774,#301,.T.);
#958=EDGE_CURVE('',#777,#776,#302,.T.);
#959=EDGE_CURVE('',#777,#775,#303,.T.);
#960=EDGE_CURVE('',#778,#779,#304,.T.);
#961=EDGE_CURVE('',#778,#780,#305,.T.);
#962=EDGE_CURVE('',#781,#780,#306,.T.);
#963=EDGE_CURVE('',#779,#781,#307,.T.);
#964=EDGE_CURVE('',#771,#782,#308,.T.);
#965=EDGE_CURVE('',#783,#773,#309,.T.);
#966=EDGE_CURVE('',#782,#783,#310,.T.);
#967=EDGE_CURVE('',#775,#778,#311,.T.);
#968=EDGE_CURVE('',#780,#777,#312,.T.);
#969=EDGE_CURVE('',#784,#770,#313,.T.);
#970=EDGE_CURVE('',#785,#784,#314,.T.);
#971=EDGE_CURVE('',#772,#785,#315,.T.);
#972=EDGE_CURVE('',#782,#786,#316,.T.);
#973=EDGE_CURVE('',#786,#787,#317,.T.);
#974=EDGE_CURVE('',#788,#787,#704,.T.);
#975=EDGE_CURVE('',#789,#788,#318,.T.);
#976=EDGE_CURVE('',#790,#789,#319,.T.);
#977=EDGE_CURVE('',#790,#791,#320,.T.);
#978=EDGE_CURVE('',#791,#792,#705,.T.);
#979=EDGE_CURVE('',#792,#793,#321,.T.);
#980=EDGE_CURVE('',#793,#794,#706,.T.);
#981=EDGE_CURVE('',#794,#795,#322,.T.);
#982=EDGE_CURVE('',#795,#796,#707,.T.);
#983=EDGE_CURVE('',#796,#797,#323,.T.);
#984=EDGE_CURVE('',#797,#798,#708,.T.);
#985=EDGE_CURVE('',#798,#799,#324,.T.);
#986=EDGE_CURVE('',#799,#800,#709,.T.);
#987=EDGE_CURVE('',#800,#801,#325,.T.);
#988=EDGE_CURVE('',#801,#802,#710,.T.);
#989=EDGE_CURVE('',#802,#803,#326,.T.);
#990=EDGE_CURVE('',#804,#803,#327,.T.);
#991=EDGE_CURVE('',#805,#804,#328,.T.);
#992=EDGE_CURVE('',#806,#805,#711,.T.);
#993=EDGE_CURVE('',#806,#807,#329,.T.);
#994=EDGE_CURVE('',#807,#784,#330,.T.);
#995=EDGE_CURVE('',#808,#809,#331,.T.);
#996=EDGE_CURVE('',#809,#810,#712,.T.);
#997=EDGE_CURVE('',#810,#811,#332,.T.);
#998=EDGE_CURVE('',#811,#812,#713,.T.);
#999=EDGE_CURVE('',#812,#813,#333,.T.);
#1000=EDGE_CURVE('',#813,#814,#714,.T.);
#1001=EDGE_CURVE('',#814,#815,#334,.T.);
#1002=EDGE_CURVE('',#815,#808,#715,.T.);
#1003=EDGE_CURVE('',#816,#817,#335,.T.);
#1004=EDGE_CURVE('',#817,#818,#716,.T.);
#1005=EDGE_CURVE('',#818,#819,#336,.T.);
#1006=EDGE_CURVE('',#819,#820,#717,.T.);
#1007=EDGE_CURVE('',#820,#821,#337,.T.);
#1008=EDGE_CURVE('',#821,#822,#718,.T.);
#1009=EDGE_CURVE('',#822,#823,#338,.T.);
#1010=EDGE_CURVE('',#823,#816,#719,.T.);
#1011=EDGE_CURVE('',#824,#825,#339,.T.);
#1012=EDGE_CURVE('',#826,#824,#720,.T.);
#1013=EDGE_CURVE('',#827,#826,#340,.T.);
#1014=EDGE_CURVE('',#828,#827,#721,.T.);
#1015=EDGE_CURVE('',#829,#828,#341,.T.);
#1016=EDGE_CURVE('',#830,#829,#342,.T.);
#1017=EDGE_CURVE('',#830,#831,#343,.T.);
#1018=EDGE_CURVE('',#831,#832,#722,.T.);
#1019=EDGE_CURVE('',#833,#832,#344,.T.);
#1020=EDGE_CURVE('',#834,#833,#345,.T.);
#1021=EDGE_CURVE('',#834,#835,#723,.T.);
#1022=EDGE_CURVE('',#835,#836,#724,.T.);
#1023=EDGE_CURVE('',#836,#837,#346,.T.);
#1024=EDGE_CURVE('',#837,#838,#725,.T.);
#1025=EDGE_CURVE('',#838,#839,#726,.T.);
#1026=EDGE_CURVE('',#840,#839,#347,.T.);
#1027=EDGE_CURVE('',#841,#840,#348,.T.);
#1028=EDGE_CURVE('',#841,#842,#727,.T.);
#1029=EDGE_CURVE('',#842,#843,#349,.T.);
#1030=EDGE_CURVE('',#825,#843,#350,.T.);
#1031=EDGE_CURVE('',#844,#783,#351,.T.);
#1032=EDGE_CURVE('',#786,#844,#352,.T.);
#1033=EDGE_CURVE('',#779,#845,#353,.T.);
#1034=EDGE_CURVE('',#846,#845,#354,.T.);
#1035=EDGE_CURVE('',#847,#846,#355,.T.);
#1036=EDGE_CURVE('',#847,#848,#356,.T.);
#1037=EDGE_CURVE('',#848,#774,#357,.T.);
#1038=EDGE_CURVE('',#781,#849,#358,.T.);
#1039=EDGE_CURVE('',#845,#849,#359,.T.);
#1040=EDGE_CURVE('',#850,#776,#360,.T.);
#1041=EDGE_CURVE('',#850,#851,#361,.T.);
#1042=EDGE_CURVE('',#851,#852,#362,.T.);
#1043=EDGE_CURVE('',#849,#852,#363,.T.);
#1044=EDGE_CURVE('',#853,#854,#364,.T.);
#1045=EDGE_CURVE('',#855,#853,#365,.T.);
#1046=EDGE_CURVE('',#856,#855,#366,.T.);
#1047=EDGE_CURVE('',#854,#856,#367,.T.);
#1048=EDGE_CURVE('',#857,#858,#368,.T.);
#1049=EDGE_CURVE('',#859,#857,#369,.T.);
#1050=EDGE_CURVE('',#860,#859,#370,.T.);
#1051=EDGE_CURVE('',#858,#860,#371,.T.);
#1052=EDGE_CURVE('',#848,#850,#372,.T.);
#1053=EDGE_CURVE('',#851,#847,#373,.T.);
#1054=EDGE_CURVE('',#852,#846,#374,.T.);
#1055=EDGE_CURVE('',#861,#855,#375,.T.);
#1056=EDGE_CURVE('',#861,#862,#376,.T.);
#1057=EDGE_CURVE('',#862,#863,#728,.T.);
#1058=EDGE_CURVE('',#863,#792,#377,.T.);
#1059=EDGE_CURVE('',#792,#864,#729,.T.);
#1060=EDGE_CURVE('',#864,#865,#730,.T.);
#1061=EDGE_CURVE('',#865,#856,#378,.T.);
#1062=EDGE_CURVE('',#853,#866,#379,.T.);
#1063=EDGE_CURVE('',#867,#866,#380,.T.);
#1064=EDGE_CURVE('',#861,#867,#381,.T.);
#1065=EDGE_CURVE('',#859,#868,#382,.T.);
#1066=EDGE_CURVE('',#869,#868,#383,.T.);
#1067=EDGE_CURVE('',#807,#869,#384,.T.);
#1068=EDGE_CURVE('',#870,#806,#385,.T.);
#1069=EDGE_CURVE('',#871,#870,#386,.T.);
#1070=EDGE_CURVE('',#872,#871,#387,.T.);
#1071=EDGE_CURVE('',#860,#872,#388,.T.);
#1072=EDGE_CURVE('',#857,#873,#389,.T.);
#1073=EDGE_CURVE('',#868,#873,#390,.T.);
#1074=EDGE_CURVE('',#854,#874,#391,.T.);
#1075=EDGE_CURVE('',#866,#874,#392,.T.);
#1076=EDGE_CURVE('',#875,#867,#393,.T.);
#1077=EDGE_CURVE('',#875,#862,#394,.T.);
#1078=EDGE_CURVE('',#876,#858,#395,.T.);
#1079=EDGE_CURVE('',#877,#876,#396,.T.);
#1080=EDGE_CURVE('',#873,#877,#397,.T.);
#1081=EDGE_CURVE('',#812,#878,#398,.T.);
#1082=EDGE_CURVE('',#879,#878,#399,.T.);
#1083=EDGE_CURVE('',#813,#879,#400,.T.);
#1084=EDGE_CURVE('',#880,#879,#731,.T.);
#1085=EDGE_CURVE('',#814,#880,#401,.T.);
#1086=EDGE_CURVE('',#881,#880,#402,.T.);
#1087=EDGE_CURVE('',#815,#881,#403,.T.);
#1088=EDGE_CURVE('',#882,#881,#732,.T.);
#1089=EDGE_CURVE('',#808,#882,#404,.T.);
#1090=EDGE_CURVE('',#883,#882,#405,.T.);
#1091=EDGE_CURVE('',#809,#883,#406,.T.);
#1092=EDGE_CURVE('',#811,#884,#407,.T.);
#1093=EDGE_CURVE('',#878,#884,#733,.T.);
#1094=EDGE_CURVE('',#810,#885,#408,.T.);
#1095=EDGE_CURVE('',#884,#885,#409,.T.);
#1096=EDGE_CURVE('',#885,#883,#734,.T.);
#1097=EDGE_CURVE('',#820,#886,#410,.T.);
#1098=EDGE_CURVE('',#887,#886,#411,.T.);
#1099=EDGE_CURVE('',#821,#887,#412,.T.);
#1100=EDGE_CURVE('',#888,#887,#735,.T.);
#1101=EDGE_CURVE('',#822,#888,#413,.T.);
#1102=EDGE_CURVE('',#889,#888,#414,.T.);
#1103=EDGE_CURVE('',#823,#889,#415,.T.);
#1104=EDGE_CURVE('',#890,#889,#736,.T.);
#1105=EDGE_CURVE('',#816,#890,#416,.T.);
#1106=EDGE_CURVE('',#891,#890,#417,.T.);
#1107=EDGE_CURVE('',#817,#891,#418,.T.);
#1108=EDGE_CURVE('',#819,#892,#419,.T.);
#1109=EDGE_CURVE('',#886,#892,#737,.T.);
#1110=EDGE_CURVE('',#818,#893,#420,.T.);
#1111=EDGE_CURVE('',#892,#893,#421,.T.);
#1112=EDGE_CURVE('',#893,#891,#738,.T.);
#1113=EDGE_CURVE('',#785,#869,#422,.T.);
#1114=EDGE_CURVE('',#894,#865,#423,.T.);
#1115=EDGE_CURVE('',#895,#894,#424,.T.);
#1116=EDGE_CURVE('',#787,#895,#425,.T.);
#1117=EDGE_CURVE('',#874,#844,#426,.T.);
#1118=EDGE_CURVE('',#896,#871,#739,.T.);
#1119=EDGE_CURVE('',#896,#897,#427,.T.);
#1120=EDGE_CURVE('',#872,#897,#740,.T.);
#1121=EDGE_CURVE('',#897,#801,#741,.T.);
#1122=EDGE_CURVE('',#801,#898,#428,.T.);
#1123=EDGE_CURVE('',#898,#899,#742,.T.);
#1124=EDGE_CURVE('',#899,#876,#429,.T.);
#1125=EDGE_CURVE('',#900,#895,#743,.T.);
#1126=EDGE_CURVE('',#900,#788,#430,.T.);
#1127=EDGE_CURVE('',#894,#901,#744,.T.);
#1128=EDGE_CURVE('',#901,#902,#745,.T.);
#1129=EDGE_CURVE('',#902,#903,#431,.T.);
#1130=EDGE_CURVE('',#903,#904,#432,.T.);
#1131=EDGE_CURVE('',#904,#900,#433,.T.);
#1132=EDGE_CURVE('',#841,#905,#434,.T.);
#1133=EDGE_CURVE('',#906,#840,#435,.T.);
#1134=EDGE_CURVE('',#905,#906,#436,.T.);
#1135=EDGE_CURVE('',#825,#907,#437,.T.);
#1136=EDGE_CURVE('',#908,#843,#438,.T.);
#1137=EDGE_CURVE('',#907,#908,#439,.T.);
#1138=EDGE_CURVE('',#909,#839,#440,.T.);
#1139=EDGE_CURVE('',#906,#909,#441,.T.);
#1140=EDGE_CURVE('',#904,#789,#442,.T.);
#1141=EDGE_CURVE('',#790,#903,#443,.T.);
#1142=EDGE_CURVE('',#910,#907,#444,.T.);
#1143=EDGE_CURVE('',#910,#824,#445,.T.);
#1144=EDGE_CURVE('',#842,#911,#446,.T.);
#1145=EDGE_CURVE('',#908,#911,#447,.T.);
#1146=EDGE_CURVE('',#911,#905,#746,.T.);
#1147=EDGE_CURVE('',#909,#912,#747,.T.);
#1148=EDGE_CURVE('',#912,#913,#748,.T.);
#1149=EDGE_CURVE('',#913,#914,#448,.T.);
#1150=EDGE_CURVE('',#914,#915,#749,.T.);
#1151=EDGE_CURVE('',#915,#916,#750,.T.);
#1152=EDGE_CURVE('',#916,#917,#449,.T.);
#1153=EDGE_CURVE('',#917,#918,#450,.T.);
#1154=EDGE_CURVE('',#918,#919,#751,.T.);
#1155=EDGE_CURVE('',#919,#920,#451,.T.);
#1156=EDGE_CURVE('',#920,#921,#452,.T.);
#1157=EDGE_CURVE('',#921,#922,#453,.T.);
#1158=EDGE_CURVE('',#922,#923,#752,.T.);
#1159=EDGE_CURVE('',#923,#924,#454,.T.);
#1160=EDGE_CURVE('',#924,#910,#753,.T.);
#1161=EDGE_CURVE('',#912,#838,#455,.T.);
#1162=EDGE_CURVE('',#918,#832,#456,.T.);
#1163=EDGE_CURVE('',#917,#833,#457,.T.);
#1164=EDGE_CURVE('',#804,#925,#458,.T.);
#1165=EDGE_CURVE('',#926,#803,#459,.T.);
#1166=EDGE_CURVE('',#925,#926,#460,.T.);
#1167=EDGE_CURVE('',#921,#829,#461,.T.);
#1168=EDGE_CURVE('',#830,#920,#462,.T.);
#1169=EDGE_CURVE('',#834,#916,#463,.T.);
#1170=EDGE_CURVE('',#919,#831,#464,.T.);
#1171=EDGE_CURVE('',#927,#925,#465,.T.);
#1172=EDGE_CURVE('',#927,#805,#466,.T.);
#1173=EDGE_CURVE('',#870,#927,#754,.T.);
#1174=EDGE_CURVE('',#926,#928,#467,.T.);
#1175=EDGE_CURVE('',#928,#896,#755,.T.);
#1176=EDGE_CURVE('',#802,#928,#468,.T.);
#1177=EDGE_CURVE('',#924,#826,#469,.T.);
#1178=EDGE_CURVE('',#923,#827,#470,.T.);
#1179=EDGE_CURVE('',#922,#828,#471,.T.);
#1180=EDGE_CURVE('',#864,#901,#472,.T.);
#1181=EDGE_CURVE('',#902,#791,#473,.T.);
#1182=EDGE_CURVE('',#837,#913,#474,.T.);
#1183=EDGE_CURVE('',#835,#915,#475,.T.);
#1184=EDGE_CURVE('',#836,#914,#476,.T.);
#1185=EDGE_CURVE('',#929,#800,#477,.T.);
#1186=EDGE_CURVE('',#930,#929,#478,.T.);
#1187=EDGE_CURVE('',#930,#898,#479,.T.);
#1188=EDGE_CURVE('',#931,#899,#480,.T.);
#1189=EDGE_CURVE('',#877,#931,#481,.T.);
#1190=EDGE_CURVE('',#930,#931,#756,.T.);
#1191=EDGE_CURVE('',#793,#932,#482,.T.);
#1192=EDGE_CURVE('',#933,#863,#483,.T.);
#1193=EDGE_CURVE('',#932,#933,#484,.T.);
#1194=EDGE_CURVE('',#875,#933,#757,.T.);
#1195=EDGE_CURVE('',#932,#934,#758,.T.);
#1196=EDGE_CURVE('',#934,#794,#485,.T.);
#1197=EDGE_CURVE('',#935,#929,#759,.T.);
#1198=EDGE_CURVE('',#935,#936,#486,.T.);
#1199=EDGE_CURVE('',#937,#936,#760,.T.);
#1200=EDGE_CURVE('',#937,#938,#487,.T.);
#1201=EDGE_CURVE('',#939,#938,#761,.T.);
#1202=EDGE_CURVE('',#939,#934,#488,.T.);
#1203=EDGE_CURVE('',#935,#799,#489,.T.);
#1204=EDGE_CURVE('',#936,#798,#490,.T.);
#1205=EDGE_CURVE('',#937,#797,#491,.T.);
#1206=EDGE_CURVE('',#938,#796,#492,.T.);
#1207=EDGE_CURVE('',#939,#795,#493,.T.);
#1208=ORIENTED_EDGE('',*,*,#940,.F.);
#1209=ORIENTED_EDGE('',*,*,#941,.T.);
#1210=ORIENTED_EDGE('',*,*,#942,.F.);
#1211=ORIENTED_EDGE('',*,*,#941,.F.);
#1212=ORIENTED_EDGE('',*,*,#943,.F.);
#1213=ORIENTED_EDGE('',*,*,#944,.T.);
#1214=ORIENTED_EDGE('',*,*,#945,.F.);
#1215=ORIENTED_EDGE('',*,*,#944,.F.);
#1216=ORIENTED_EDGE('',*,*,#946,.F.);
#1217=ORIENTED_EDGE('',*,*,#947,.T.);
#1218=ORIENTED_EDGE('',*,*,#948,.F.);
#1219=ORIENTED_EDGE('',*,*,#947,.F.);
#1220=ORIENTED_EDGE('',*,*,#949,.F.);
#1221=ORIENTED_EDGE('',*,*,#950,.T.);
#1222=ORIENTED_EDGE('',*,*,#951,.F.);
#1223=ORIENTED_EDGE('',*,*,#950,.F.);
#1224=ORIENTED_EDGE('',*,*,#952,.F.);
#1225=ORIENTED_EDGE('',*,*,#953,.T.);
#1226=ORIENTED_EDGE('',*,*,#954,.F.);
#1227=ORIENTED_EDGE('',*,*,#955,.F.);
#1228=ORIENTED_EDGE('',*,*,#956,.F.);
#1229=ORIENTED_EDGE('',*,*,#957,.F.);
#1230=ORIENTED_EDGE('',*,*,#958,.F.);
#1231=ORIENTED_EDGE('',*,*,#959,.T.);
#1232=ORIENTED_EDGE('',*,*,#960,.F.);
#1233=ORIENTED_EDGE('',*,*,#961,.T.);
#1234=ORIENTED_EDGE('',*,*,#962,.F.);
#1235=ORIENTED_EDGE('',*,*,#963,.F.);
#1236=ORIENTED_EDGE('',*,*,#964,.F.);
#1237=ORIENTED_EDGE('',*,*,#955,.T.);
#1238=ORIENTED_EDGE('',*,*,#965,.F.);
#1239=ORIENTED_EDGE('',*,*,#966,.F.);
#1240=ORIENTED_EDGE('',*,*,#967,.F.);
#1241=ORIENTED_EDGE('',*,*,#959,.F.);
#1242=ORIENTED_EDGE('',*,*,#968,.F.);
#1243=ORIENTED_EDGE('',*,*,#961,.F.);
#1244=ORIENTED_EDGE('',*,*,#969,.F.);
#1245=ORIENTED_EDGE('',*,*,#970,.F.);
#1246=ORIENTED_EDGE('',*,*,#971,.F.);
#1247=ORIENTED_EDGE('',*,*,#953,.F.);
#1248=ORIENTED_EDGE('',*,*,#969,.T.);
#1249=ORIENTED_EDGE('',*,*,#952,.T.);
#1250=ORIENTED_EDGE('',*,*,#964,.T.);
#1251=ORIENTED_EDGE('',*,*,#972,.T.);
#1252=ORIENTED_EDGE('',*,*,#973,.T.);
#1253=ORIENTED_EDGE('',*,*,#974,.F.);
#1254=ORIENTED_EDGE('',*,*,#975,.F.);
#1255=ORIENTED_EDGE('',*,*,#976,.F.);
#1256=ORIENTED_EDGE('',*,*,#977,.T.);
#1257=ORIENTED_EDGE('',*,*,#978,.T.);
#1258=ORIENTED_EDGE('',*,*,#979,.T.);
#1259=ORIENTED_EDGE('',*,*,#980,.T.);
#1260=ORIENTED_EDGE('',*,*,#981,.T.);
#1261=ORIENTED_EDGE('',*,*,#982,.T.);
#1262=ORIENTED_EDGE('',*,*,#983,.T.);
#1263=ORIENTED_EDGE('',*,*,#984,.T.);
#1264=ORIENTED_EDGE('',*,*,#985,.T.);
#1265=ORIENTED_EDGE('',*,*,#986,.T.);
#1266=ORIENTED_EDGE('',*,*,#987,.T.);
#1267=ORIENTED_EDGE('',*,*,#988,.T.);
#1268=ORIENTED_EDGE('',*,*,#989,.T.);
#1269=ORIENTED_EDGE('',*,*,#990,.F.);
#1270=ORIENTED_EDGE('',*,*,#991,.F.);
#1271=ORIENTED_EDGE('',*,*,#992,.F.);
#1272=ORIENTED_EDGE('',*,*,#993,.T.);
#1273=ORIENTED_EDGE('',*,*,#994,.T.);
#1274=ORIENTED_EDGE('',*,*,#995,.T.);
#1275=ORIENTED_EDGE('',*,*,#996,.T.);
#1276=ORIENTED_EDGE('',*,*,#997,.T.);
#1277=ORIENTED_EDGE('',*,*,#998,.T.);
#1278=ORIENTED_EDGE('',*,*,#999,.T.);
#1279=ORIENTED_EDGE('',*,*,#1000,.T.);
#1280=ORIENTED_EDGE('',*,*,#1001,.T.);
#1281=ORIENTED_EDGE('',*,*,#1002,.T.);
#1282=ORIENTED_EDGE('',*,*,#1003,.T.);
#1283=ORIENTED_EDGE('',*,*,#1004,.T.);
#1284=ORIENTED_EDGE('',*,*,#1005,.T.);
#1285=ORIENTED_EDGE('',*,*,#1006,.T.);
#1286=ORIENTED_EDGE('',*,*,#1007,.T.);
#1287=ORIENTED_EDGE('',*,*,#1008,.T.);
#1288=ORIENTED_EDGE('',*,*,#1009,.T.);
#1289=ORIENTED_EDGE('',*,*,#1010,.T.);
#1290=ORIENTED_EDGE('',*,*,#1011,.F.);
#1291=ORIENTED_EDGE('',*,*,#1012,.F.);
#1292=ORIENTED_EDGE('',*,*,#1013,.F.);
#1293=ORIENTED_EDGE('',*,*,#1014,.F.);
#1294=ORIENTED_EDGE('',*,*,#1015,.F.);
#1295=ORIENTED_EDGE('',*,*,#1016,.F.);
#1296=ORIENTED_EDGE('',*,*,#1017,.T.);
#1297=ORIENTED_EDGE('',*,*,#1018,.T.);
#1298=ORIENTED_EDGE('',*,*,#1019,.F.);
#1299=ORIENTED_EDGE('',*,*,#1020,.F.);
#1300=ORIENTED_EDGE('',*,*,#1021,.T.);
#1301=ORIENTED_EDGE('',*,*,#1022,.T.);
#1302=ORIENTED_EDGE('',*,*,#1023,.T.);
#1303=ORIENTED_EDGE('',*,*,#1024,.T.);
#1304=ORIENTED_EDGE('',*,*,#1025,.T.);
#1305=ORIENTED_EDGE('',*,*,#1026,.F.);
#1306=ORIENTED_EDGE('',*,*,#1027,.F.);
#1307=ORIENTED_EDGE('',*,*,#1028,.T.);
#1308=ORIENTED_EDGE('',*,*,#1029,.T.);
#1309=ORIENTED_EDGE('',*,*,#1030,.F.);
#1310=ORIENTED_EDGE('',*,*,#966,.T.);
#1311=ORIENTED_EDGE('',*,*,#1031,.F.);
#1312=ORIENTED_EDGE('',*,*,#1032,.F.);
#1313=ORIENTED_EDGE('',*,*,#972,.F.);
#1314=ORIENTED_EDGE('',*,*,#956,.T.);
#1315=ORIENTED_EDGE('',*,*,#967,.T.);
#1316=ORIENTED_EDGE('',*,*,#960,.T.);
#1317=ORIENTED_EDGE('',*,*,#1033,.T.);
#1318=ORIENTED_EDGE('',*,*,#1034,.F.);
#1319=ORIENTED_EDGE('',*,*,#1035,.F.);
#1320=ORIENTED_EDGE('',*,*,#1036,.T.);
#1321=ORIENTED_EDGE('',*,*,#1037,.T.);
#1322=ORIENTED_EDGE('',*,*,#963,.T.);
#1323=ORIENTED_EDGE('',*,*,#1038,.T.);
#1324=ORIENTED_EDGE('',*,*,#1039,.F.);
#1325=ORIENTED_EDGE('',*,*,#1033,.F.);
#1326=ORIENTED_EDGE('',*,*,#958,.T.);
#1327=ORIENTED_EDGE('',*,*,#1040,.F.);
#1328=ORIENTED_EDGE('',*,*,#1041,.T.);
#1329=ORIENTED_EDGE('',*,*,#1042,.T.);
#1330=ORIENTED_EDGE('',*,*,#1043,.F.);
#1331=ORIENTED_EDGE('',*,*,#1038,.F.);
#1332=ORIENTED_EDGE('',*,*,#962,.T.);
#1333=ORIENTED_EDGE('',*,*,#968,.T.);
#1334=ORIENTED_EDGE('',*,*,#1044,.F.);
#1335=ORIENTED_EDGE('',*,*,#1045,.F.);
#1336=ORIENTED_EDGE('',*,*,#1046,.F.);
#1337=ORIENTED_EDGE('',*,*,#1047,.F.);
#1338=ORIENTED_EDGE('',*,*,#1048,.F.);
#1339=ORIENTED_EDGE('',*,*,#1049,.F.);
#1340=ORIENTED_EDGE('',*,*,#1050,.F.);
#1341=ORIENTED_EDGE('',*,*,#1051,.F.);
#1342=ORIENTED_EDGE('',*,*,#957,.T.);
#1343=ORIENTED_EDGE('',*,*,#1037,.F.);
#1344=ORIENTED_EDGE('',*,*,#1052,.T.);
#1345=ORIENTED_EDGE('',*,*,#1040,.T.);
#1346=ORIENTED_EDGE('',*,*,#1053,.T.);
#1347=ORIENTED_EDGE('',*,*,#1035,.T.);
#1348=ORIENTED_EDGE('',*,*,#1054,.F.);
#1349=ORIENTED_EDGE('',*,*,#1042,.F.);
#1350=ORIENTED_EDGE('',*,*,#1054,.T.);
#1351=ORIENTED_EDGE('',*,*,#1034,.T.);
#1352=ORIENTED_EDGE('',*,*,#1039,.T.);
#1353=ORIENTED_EDGE('',*,*,#1043,.T.);
#1354=ORIENTED_EDGE('',*,*,#1053,.F.);
#1355=ORIENTED_EDGE('',*,*,#1041,.F.);
#1356=ORIENTED_EDGE('',*,*,#1052,.F.);
#1357=ORIENTED_EDGE('',*,*,#1036,.F.);
#1358=ORIENTED_EDGE('',*,*,#1046,.T.);
#1359=ORIENTED_EDGE('',*,*,#1055,.F.);
#1360=ORIENTED_EDGE('',*,*,#1056,.T.);
#1361=ORIENTED_EDGE('',*,*,#1057,.T.);
#1362=ORIENTED_EDGE('',*,*,#1058,.T.);
#1363=ORIENTED_EDGE('',*,*,#1059,.T.);
#1364=ORIENTED_EDGE('',*,*,#1060,.T.);
#1365=ORIENTED_EDGE('',*,*,#1061,.T.);
#1366=ORIENTED_EDGE('',*,*,#1045,.T.);
#1367=ORIENTED_EDGE('',*,*,#1062,.T.);
#1368=ORIENTED_EDGE('',*,*,#1063,.F.);
#1369=ORIENTED_EDGE('',*,*,#1064,.F.);
#1370=ORIENTED_EDGE('',*,*,#1055,.T.);
#1371=ORIENTED_EDGE('',*,*,#1050,.T.);
#1372=ORIENTED_EDGE('',*,*,#1065,.T.);
#1373=ORIENTED_EDGE('',*,*,#1066,.F.);
#1374=ORIENTED_EDGE('',*,*,#1067,.F.);
#1375=ORIENTED_EDGE('',*,*,#993,.F.);
#1376=ORIENTED_EDGE('',*,*,#1068,.F.);
#1377=ORIENTED_EDGE('',*,*,#1069,.F.);
#1378=ORIENTED_EDGE('',*,*,#1070,.F.);
#1379=ORIENTED_EDGE('',*,*,#1071,.F.);
#1380=ORIENTED_EDGE('',*,*,#1049,.T.);
#1381=ORIENTED_EDGE('',*,*,#1072,.T.);
#1382=ORIENTED_EDGE('',*,*,#1073,.F.);
#1383=ORIENTED_EDGE('',*,*,#1065,.F.);
#1384=ORIENTED_EDGE('',*,*,#1044,.T.);
#1385=ORIENTED_EDGE('',*,*,#1074,.T.);
#1386=ORIENTED_EDGE('',*,*,#1075,.F.);
#1387=ORIENTED_EDGE('',*,*,#1062,.F.);
#1388=ORIENTED_EDGE('',*,*,#1064,.T.);
#1389=ORIENTED_EDGE('',*,*,#1076,.F.);
#1390=ORIENTED_EDGE('',*,*,#1077,.T.);
#1391=ORIENTED_EDGE('',*,*,#1056,.F.);
#1392=ORIENTED_EDGE('',*,*,#1048,.T.);
#1393=ORIENTED_EDGE('',*,*,#1078,.F.);
#1394=ORIENTED_EDGE('',*,*,#1079,.F.);
#1395=ORIENTED_EDGE('',*,*,#1080,.F.);
#1396=ORIENTED_EDGE('',*,*,#1072,.F.);
#1397=ORIENTED_EDGE('',*,*,#999,.F.);
#1398=ORIENTED_EDGE('',*,*,#1081,.T.);
#1399=ORIENTED_EDGE('',*,*,#1082,.F.);
#1400=ORIENTED_EDGE('',*,*,#1083,.F.);
#1401=ORIENTED_EDGE('',*,*,#1000,.F.);
#1402=ORIENTED_EDGE('',*,*,#1083,.T.);
#1403=ORIENTED_EDGE('',*,*,#1084,.F.);
#1404=ORIENTED_EDGE('',*,*,#1085,.F.);
#1405=ORIENTED_EDGE('',*,*,#1001,.F.);
#1406=ORIENTED_EDGE('',*,*,#1085,.T.);
#1407=ORIENTED_EDGE('',*,*,#1086,.F.);
#1408=ORIENTED_EDGE('',*,*,#1087,.F.);
#1409=ORIENTED_EDGE('',*,*,#1002,.F.);
#1410=ORIENTED_EDGE('',*,*,#1087,.T.);
#1411=ORIENTED_EDGE('',*,*,#1088,.F.);
#1412=ORIENTED_EDGE('',*,*,#1089,.F.);
#1413=ORIENTED_EDGE('',*,*,#995,.F.);
#1414=ORIENTED_EDGE('',*,*,#1089,.T.);
#1415=ORIENTED_EDGE('',*,*,#1090,.F.);
#1416=ORIENTED_EDGE('',*,*,#1091,.F.);
#1417=ORIENTED_EDGE('',*,*,#998,.F.);
#1418=ORIENTED_EDGE('',*,*,#1092,.T.);
#1419=ORIENTED_EDGE('',*,*,#1093,.F.);
#1420=ORIENTED_EDGE('',*,*,#1081,.F.);
#1421=ORIENTED_EDGE('',*,*,#997,.F.);
#1422=ORIENTED_EDGE('',*,*,#1094,.T.);
#1423=ORIENTED_EDGE('',*,*,#1095,.F.);
#1424=ORIENTED_EDGE('',*,*,#1092,.F.);
#1425=ORIENTED_EDGE('',*,*,#996,.F.);
#1426=ORIENTED_EDGE('',*,*,#1091,.T.);
#1427=ORIENTED_EDGE('',*,*,#1096,.F.);
#1428=ORIENTED_EDGE('',*,*,#1094,.F.);
#1429=ORIENTED_EDGE('',*,*,#1007,.F.);
#1430=ORIENTED_EDGE('',*,*,#1097,.T.);
#1431=ORIENTED_EDGE('',*,*,#1098,.F.);
#1432=ORIENTED_EDGE('',*,*,#1099,.F.);
#1433=ORIENTED_EDGE('',*,*,#1008,.F.);
#1434=ORIENTED_EDGE('',*,*,#1099,.T.);
#1435=ORIENTED_EDGE('',*,*,#1100,.F.);
#1436=ORIENTED_EDGE('',*,*,#1101,.F.);
#1437=ORIENTED_EDGE('',*,*,#1009,.F.);
#1438=ORIENTED_EDGE('',*,*,#1101,.T.);
#1439=ORIENTED_EDGE('',*,*,#1102,.F.);
#1440=ORIENTED_EDGE('',*,*,#1103,.F.);
#1441=ORIENTED_EDGE('',*,*,#1010,.F.);
#1442=ORIENTED_EDGE('',*,*,#1103,.T.);
#1443=ORIENTED_EDGE('',*,*,#1104,.F.);
#1444=ORIENTED_EDGE('',*,*,#1105,.F.);
#1445=ORIENTED_EDGE('',*,*,#1003,.F.);
#1446=ORIENTED_EDGE('',*,*,#1105,.T.);
#1447=ORIENTED_EDGE('',*,*,#1106,.F.);
#1448=ORIENTED_EDGE('',*,*,#1107,.F.);
#1449=ORIENTED_EDGE('',*,*,#1006,.F.);
#1450=ORIENTED_EDGE('',*,*,#1108,.T.);
#1451=ORIENTED_EDGE('',*,*,#1109,.F.);
#1452=ORIENTED_EDGE('',*,*,#1097,.F.);
#1453=ORIENTED_EDGE('',*,*,#1005,.F.);
#1454=ORIENTED_EDGE('',*,*,#1110,.T.);
#1455=ORIENTED_EDGE('',*,*,#1111,.F.);
#1456=ORIENTED_EDGE('',*,*,#1108,.F.);
#1457=ORIENTED_EDGE('',*,*,#1004,.F.);
#1458=ORIENTED_EDGE('',*,*,#1107,.T.);
#1459=ORIENTED_EDGE('',*,*,#1112,.F.);
#1460=ORIENTED_EDGE('',*,*,#1110,.F.);
#1461=ORIENTED_EDGE('',*,*,#970,.T.);
#1462=ORIENTED_EDGE('',*,*,#994,.F.);
#1463=ORIENTED_EDGE('',*,*,#1067,.T.);
#1464=ORIENTED_EDGE('',*,*,#1113,.F.);
#1465=ORIENTED_EDGE('',*,*,#1047,.T.);
#1466=ORIENTED_EDGE('',*,*,#1061,.F.);
#1467=ORIENTED_EDGE('',*,*,#1114,.F.);
#1468=ORIENTED_EDGE('',*,*,#1115,.F.);
#1469=ORIENTED_EDGE('',*,*,#1116,.F.);
#1470=ORIENTED_EDGE('',*,*,#973,.F.);
#1471=ORIENTED_EDGE('',*,*,#1032,.T.);
#1472=ORIENTED_EDGE('',*,*,#1117,.F.);
#1473=ORIENTED_EDGE('',*,*,#1074,.F.);
#1474=ORIENTED_EDGE('',*,*,#1070,.T.);
#1475=ORIENTED_EDGE('',*,*,#1118,.F.);
#1476=ORIENTED_EDGE('',*,*,#1119,.T.);
#1477=ORIENTED_EDGE('',*,*,#1120,.F.);
#1478=ORIENTED_EDGE('',*,*,#1051,.T.);
#1479=ORIENTED_EDGE('',*,*,#1071,.T.);
#1480=ORIENTED_EDGE('',*,*,#1120,.T.);
#1481=ORIENTED_EDGE('',*,*,#1121,.T.);
#1482=ORIENTED_EDGE('',*,*,#1122,.T.);
#1483=ORIENTED_EDGE('',*,*,#1123,.T.);
#1484=ORIENTED_EDGE('',*,*,#1124,.T.);
#1485=ORIENTED_EDGE('',*,*,#1078,.T.);
#1486=ORIENTED_EDGE('',*,*,#1116,.T.);
#1487=ORIENTED_EDGE('',*,*,#1125,.F.);
#1488=ORIENTED_EDGE('',*,*,#1126,.T.);
#1489=ORIENTED_EDGE('',*,*,#974,.T.);
#1490=ORIENTED_EDGE('',*,*,#1115,.T.);
#1491=ORIENTED_EDGE('',*,*,#1127,.T.);
#1492=ORIENTED_EDGE('',*,*,#1128,.T.);
#1493=ORIENTED_EDGE('',*,*,#1129,.T.);
#1494=ORIENTED_EDGE('',*,*,#1130,.T.);
#1495=ORIENTED_EDGE('',*,*,#1131,.T.);
#1496=ORIENTED_EDGE('',*,*,#1125,.T.);
#1497=ORIENTED_EDGE('',*,*,#940,.T.);
#1498=ORIENTED_EDGE('',*,*,#1132,.F.);
#1499=ORIENTED_EDGE('',*,*,#1027,.T.);
#1500=ORIENTED_EDGE('',*,*,#1133,.F.);
#1501=ORIENTED_EDGE('',*,*,#1134,.F.);
#1502=ORIENTED_EDGE('',*,*,#1135,.F.);
#1503=ORIENTED_EDGE('',*,*,#1030,.T.);
#1504=ORIENTED_EDGE('',*,*,#1136,.F.);
#1505=ORIENTED_EDGE('',*,*,#1137,.F.);
#1506=ORIENTED_EDGE('',*,*,#1138,.F.);
#1507=ORIENTED_EDGE('',*,*,#1139,.F.);
#1508=ORIENTED_EDGE('',*,*,#1133,.T.);
#1509=ORIENTED_EDGE('',*,*,#1026,.T.);
#1510=ORIENTED_EDGE('',*,*,#1140,.F.);
#1511=ORIENTED_EDGE('',*,*,#1130,.F.);
#1512=ORIENTED_EDGE('',*,*,#1141,.F.);
#1513=ORIENTED_EDGE('',*,*,#976,.T.);
#1514=ORIENTED_EDGE('',*,*,#1135,.T.);
#1515=ORIENTED_EDGE('',*,*,#1142,.F.);
#1516=ORIENTED_EDGE('',*,*,#1143,.T.);
#1517=ORIENTED_EDGE('',*,*,#1011,.T.);
#1518=ORIENTED_EDGE('',*,*,#1136,.T.);
#1519=ORIENTED_EDGE('',*,*,#1029,.F.);
#1520=ORIENTED_EDGE('',*,*,#1144,.T.);
#1521=ORIENTED_EDGE('',*,*,#1145,.F.);
#1522=ORIENTED_EDGE('',*,*,#1137,.T.);
#1523=ORIENTED_EDGE('',*,*,#1145,.T.);
#1524=ORIENTED_EDGE('',*,*,#1146,.T.);
#1525=ORIENTED_EDGE('',*,*,#1134,.T.);
#1526=ORIENTED_EDGE('',*,*,#1139,.T.);
#1527=ORIENTED_EDGE('',*,*,#1147,.T.);
#1528=ORIENTED_EDGE('',*,*,#1148,.T.);
#1529=ORIENTED_EDGE('',*,*,#1149,.T.);
#1530=ORIENTED_EDGE('',*,*,#1150,.T.);
#1531=ORIENTED_EDGE('',*,*,#1151,.T.);
#1532=ORIENTED_EDGE('',*,*,#1152,.T.);
#1533=ORIENTED_EDGE('',*,*,#1153,.T.);
#1534=ORIENTED_EDGE('',*,*,#1154,.T.);
#1535=ORIENTED_EDGE('',*,*,#1155,.T.);
#1536=ORIENTED_EDGE('',*,*,#1156,.T.);
#1537=ORIENTED_EDGE('',*,*,#1157,.T.);
#1538=ORIENTED_EDGE('',*,*,#1158,.T.);
#1539=ORIENTED_EDGE('',*,*,#1159,.T.);
#1540=ORIENTED_EDGE('',*,*,#1160,.T.);
#1541=ORIENTED_EDGE('',*,*,#1142,.T.);
#1542=ORIENTED_EDGE('',*,*,#946,.T.);
#1543=ORIENTED_EDGE('',*,*,#949,.T.);
#1544=ORIENTED_EDGE('',*,*,#1138,.T.);
#1545=ORIENTED_EDGE('',*,*,#1025,.F.);
#1546=ORIENTED_EDGE('',*,*,#1161,.F.);
#1547=ORIENTED_EDGE('',*,*,#1147,.F.);
#1548=ORIENTED_EDGE('',*,*,#1162,.F.);
#1549=ORIENTED_EDGE('',*,*,#1153,.F.);
#1550=ORIENTED_EDGE('',*,*,#1163,.T.);
#1551=ORIENTED_EDGE('',*,*,#1019,.T.);
#1552=ORIENTED_EDGE('',*,*,#1164,.F.);
#1553=ORIENTED_EDGE('',*,*,#990,.T.);
#1554=ORIENTED_EDGE('',*,*,#1165,.F.);
#1555=ORIENTED_EDGE('',*,*,#1166,.F.);
#1556=ORIENTED_EDGE('',*,*,#1167,.F.);
#1557=ORIENTED_EDGE('',*,*,#1156,.F.);
#1558=ORIENTED_EDGE('',*,*,#1168,.F.);
#1559=ORIENTED_EDGE('',*,*,#1016,.T.);
#1560=ORIENTED_EDGE('',*,*,#1169,.F.);
#1561=ORIENTED_EDGE('',*,*,#1020,.T.);
#1562=ORIENTED_EDGE('',*,*,#1163,.F.);
#1563=ORIENTED_EDGE('',*,*,#1152,.F.);
#1564=ORIENTED_EDGE('',*,*,#1162,.T.);
#1565=ORIENTED_EDGE('',*,*,#1018,.F.);
#1566=ORIENTED_EDGE('',*,*,#1170,.F.);
#1567=ORIENTED_EDGE('',*,*,#1154,.F.);
#1568=ORIENTED_EDGE('',*,*,#1164,.T.);
#1569=ORIENTED_EDGE('',*,*,#1171,.F.);
#1570=ORIENTED_EDGE('',*,*,#1172,.T.);
#1571=ORIENTED_EDGE('',*,*,#991,.T.);
#1572=ORIENTED_EDGE('',*,*,#1069,.T.);
#1573=ORIENTED_EDGE('',*,*,#1173,.T.);
#1574=ORIENTED_EDGE('',*,*,#1171,.T.);
#1575=ORIENTED_EDGE('',*,*,#1166,.T.);
#1576=ORIENTED_EDGE('',*,*,#1174,.T.);
#1577=ORIENTED_EDGE('',*,*,#1175,.T.);
#1578=ORIENTED_EDGE('',*,*,#1118,.T.);
#1579=ORIENTED_EDGE('',*,*,#943,.T.);
#1580=ORIENTED_EDGE('',*,*,#1165,.T.);
#1581=ORIENTED_EDGE('',*,*,#989,.F.);
#1582=ORIENTED_EDGE('',*,*,#1176,.T.);
#1583=ORIENTED_EDGE('',*,*,#1174,.F.);
#1584=ORIENTED_EDGE('',*,*,#1140,.T.);
#1585=ORIENTED_EDGE('',*,*,#975,.T.);
#1586=ORIENTED_EDGE('',*,*,#1126,.F.);
#1587=ORIENTED_EDGE('',*,*,#1131,.F.);
#1588=ORIENTED_EDGE('',*,*,#1160,.F.);
#1589=ORIENTED_EDGE('',*,*,#1177,.T.);
#1590=ORIENTED_EDGE('',*,*,#1012,.T.);
#1591=ORIENTED_EDGE('',*,*,#1143,.F.);
#1592=ORIENTED_EDGE('',*,*,#1159,.F.);
#1593=ORIENTED_EDGE('',*,*,#1178,.T.);
#1594=ORIENTED_EDGE('',*,*,#1013,.T.);
#1595=ORIENTED_EDGE('',*,*,#1177,.F.);
#1596=ORIENTED_EDGE('',*,*,#1158,.F.);
#1597=ORIENTED_EDGE('',*,*,#1179,.T.);
#1598=ORIENTED_EDGE('',*,*,#1014,.T.);
#1599=ORIENTED_EDGE('',*,*,#1178,.F.);
#1600=ORIENTED_EDGE('',*,*,#1167,.T.);
#1601=ORIENTED_EDGE('',*,*,#1015,.T.);
#1602=ORIENTED_EDGE('',*,*,#1179,.F.);
#1603=ORIENTED_EDGE('',*,*,#1157,.F.);
#1604=ORIENTED_EDGE('',*,*,#1068,.T.);
#1605=ORIENTED_EDGE('',*,*,#992,.T.);
#1606=ORIENTED_EDGE('',*,*,#1172,.F.);
#1607=ORIENTED_EDGE('',*,*,#1173,.F.);
#1608=ORIENTED_EDGE('',*,*,#1180,.F.);
#1609=ORIENTED_EDGE('',*,*,#1059,.F.);
#1610=ORIENTED_EDGE('',*,*,#978,.F.);
#1611=ORIENTED_EDGE('',*,*,#1181,.F.);
#1612=ORIENTED_EDGE('',*,*,#1128,.F.);
#1613=ORIENTED_EDGE('',*,*,#1114,.T.);
#1614=ORIENTED_EDGE('',*,*,#1060,.F.);
#1615=ORIENTED_EDGE('',*,*,#1180,.T.);
#1616=ORIENTED_EDGE('',*,*,#1127,.F.);
#1617=ORIENTED_EDGE('',*,*,#1119,.F.);
#1618=ORIENTED_EDGE('',*,*,#1175,.F.);
#1619=ORIENTED_EDGE('',*,*,#1176,.F.);
#1620=ORIENTED_EDGE('',*,*,#988,.F.);
#1621=ORIENTED_EDGE('',*,*,#1121,.F.);
#1622=ORIENTED_EDGE('',*,*,#1132,.T.);
#1623=ORIENTED_EDGE('',*,*,#1146,.F.);
#1624=ORIENTED_EDGE('',*,*,#1144,.F.);
#1625=ORIENTED_EDGE('',*,*,#1028,.F.);
#1626=ORIENTED_EDGE('',*,*,#1161,.T.);
#1627=ORIENTED_EDGE('',*,*,#1024,.F.);
#1628=ORIENTED_EDGE('',*,*,#1182,.T.);
#1629=ORIENTED_EDGE('',*,*,#1148,.F.);
#1630=ORIENTED_EDGE('',*,*,#1169,.T.);
#1631=ORIENTED_EDGE('',*,*,#1151,.F.);
#1632=ORIENTED_EDGE('',*,*,#1183,.F.);
#1633=ORIENTED_EDGE('',*,*,#1021,.F.);
#1634=ORIENTED_EDGE('',*,*,#1168,.T.);
#1635=ORIENTED_EDGE('',*,*,#1155,.F.);
#1636=ORIENTED_EDGE('',*,*,#1170,.T.);
#1637=ORIENTED_EDGE('',*,*,#1017,.F.);
#1638=ORIENTED_EDGE('',*,*,#1183,.T.);
#1639=ORIENTED_EDGE('',*,*,#1150,.F.);
#1640=ORIENTED_EDGE('',*,*,#1184,.F.);
#1641=ORIENTED_EDGE('',*,*,#1022,.F.);
#1642=ORIENTED_EDGE('',*,*,#1023,.F.);
#1643=ORIENTED_EDGE('',*,*,#1184,.T.);
#1644=ORIENTED_EDGE('',*,*,#1149,.F.);
#1645=ORIENTED_EDGE('',*,*,#1182,.F.);
#1646=ORIENTED_EDGE('',*,*,#1141,.T.);
#1647=ORIENTED_EDGE('',*,*,#1129,.F.);
#1648=ORIENTED_EDGE('',*,*,#1181,.T.);
#1649=ORIENTED_EDGE('',*,*,#977,.F.);
#1650=ORIENTED_EDGE('',*,*,#1185,.F.);
#1651=ORIENTED_EDGE('',*,*,#1186,.F.);
#1652=ORIENTED_EDGE('',*,*,#1187,.T.);
#1653=ORIENTED_EDGE('',*,*,#1122,.F.);
#1654=ORIENTED_EDGE('',*,*,#987,.F.);
#1655=ORIENTED_EDGE('',*,*,#1079,.T.);
#1656=ORIENTED_EDGE('',*,*,#1124,.F.);
#1657=ORIENTED_EDGE('',*,*,#1188,.F.);
#1658=ORIENTED_EDGE('',*,*,#1189,.F.);
#1659=ORIENTED_EDGE('',*,*,#1190,.T.);
#1660=ORIENTED_EDGE('',*,*,#1188,.T.);
#1661=ORIENTED_EDGE('',*,*,#1123,.F.);
#1662=ORIENTED_EDGE('',*,*,#1187,.F.);
#1663=ORIENTED_EDGE('',*,*,#1191,.F.);
#1664=ORIENTED_EDGE('',*,*,#979,.F.);
#1665=ORIENTED_EDGE('',*,*,#1058,.F.);
#1666=ORIENTED_EDGE('',*,*,#1192,.F.);
#1667=ORIENTED_EDGE('',*,*,#1193,.F.);
#1668=ORIENTED_EDGE('',*,*,#1194,.T.);
#1669=ORIENTED_EDGE('',*,*,#1192,.T.);
#1670=ORIENTED_EDGE('',*,*,#1057,.F.);
#1671=ORIENTED_EDGE('',*,*,#1077,.F.);
#1672=ORIENTED_EDGE('',*,*,#1191,.T.);
#1673=ORIENTED_EDGE('',*,*,#1195,.T.);
#1674=ORIENTED_EDGE('',*,*,#1196,.T.);
#1675=ORIENTED_EDGE('',*,*,#980,.F.);
#1676=ORIENTED_EDGE('',*,*,#971,.T.);
#1677=ORIENTED_EDGE('',*,*,#1113,.T.);
#1678=ORIENTED_EDGE('',*,*,#1066,.T.);
#1679=ORIENTED_EDGE('',*,*,#1073,.T.);
#1680=ORIENTED_EDGE('',*,*,#1080,.T.);
#1681=ORIENTED_EDGE('',*,*,#1189,.T.);
#1682=ORIENTED_EDGE('',*,*,#1190,.F.);
#1683=ORIENTED_EDGE('',*,*,#1186,.T.);
#1684=ORIENTED_EDGE('',*,*,#1197,.F.);
#1685=ORIENTED_EDGE('',*,*,#1198,.T.);
#1686=ORIENTED_EDGE('',*,*,#1199,.F.);
#1687=ORIENTED_EDGE('',*,*,#1200,.T.);
#1688=ORIENTED_EDGE('',*,*,#1201,.F.);
#1689=ORIENTED_EDGE('',*,*,#1202,.T.);
#1690=ORIENTED_EDGE('',*,*,#1195,.F.);
#1691=ORIENTED_EDGE('',*,*,#1193,.T.);
#1692=ORIENTED_EDGE('',*,*,#1194,.F.);
#1693=ORIENTED_EDGE('',*,*,#1076,.T.);
#1694=ORIENTED_EDGE('',*,*,#1063,.T.);
#1695=ORIENTED_EDGE('',*,*,#1075,.T.);
#1696=ORIENTED_EDGE('',*,*,#1117,.T.);
#1697=ORIENTED_EDGE('',*,*,#1031,.T.);
#1698=ORIENTED_EDGE('',*,*,#965,.T.);
#1699=ORIENTED_EDGE('',*,*,#954,.T.);
#1700=ORIENTED_EDGE('',*,*,#942,.T.);
#1701=ORIENTED_EDGE('',*,*,#945,.T.);
#1702=ORIENTED_EDGE('',*,*,#948,.T.);
#1703=ORIENTED_EDGE('',*,*,#951,.T.);
#1704=ORIENTED_EDGE('',*,*,#1090,.T.);
#1705=ORIENTED_EDGE('',*,*,#1088,.T.);
#1706=ORIENTED_EDGE('',*,*,#1086,.T.);
#1707=ORIENTED_EDGE('',*,*,#1084,.T.);
#1708=ORIENTED_EDGE('',*,*,#1082,.T.);
#1709=ORIENTED_EDGE('',*,*,#1093,.T.);
#1710=ORIENTED_EDGE('',*,*,#1095,.T.);
#1711=ORIENTED_EDGE('',*,*,#1096,.T.);
#1712=ORIENTED_EDGE('',*,*,#1106,.T.);
#1713=ORIENTED_EDGE('',*,*,#1104,.T.);
#1714=ORIENTED_EDGE('',*,*,#1102,.T.);
#1715=ORIENTED_EDGE('',*,*,#1100,.T.);
#1716=ORIENTED_EDGE('',*,*,#1098,.T.);
#1717=ORIENTED_EDGE('',*,*,#1109,.T.);
#1718=ORIENTED_EDGE('',*,*,#1111,.T.);
#1719=ORIENTED_EDGE('',*,*,#1112,.T.);
#1720=ORIENTED_EDGE('',*,*,#1185,.T.);
#1721=ORIENTED_EDGE('',*,*,#986,.F.);
#1722=ORIENTED_EDGE('',*,*,#1203,.F.);
#1723=ORIENTED_EDGE('',*,*,#1197,.T.);
#1724=ORIENTED_EDGE('',*,*,#1198,.F.);
#1725=ORIENTED_EDGE('',*,*,#1203,.T.);
#1726=ORIENTED_EDGE('',*,*,#985,.F.);
#1727=ORIENTED_EDGE('',*,*,#1204,.F.);
#1728=ORIENTED_EDGE('',*,*,#1199,.T.);
#1729=ORIENTED_EDGE('',*,*,#1204,.T.);
#1730=ORIENTED_EDGE('',*,*,#984,.F.);
#1731=ORIENTED_EDGE('',*,*,#1205,.F.);
#1732=ORIENTED_EDGE('',*,*,#1200,.F.);
#1733=ORIENTED_EDGE('',*,*,#1205,.T.);
#1734=ORIENTED_EDGE('',*,*,#983,.F.);
#1735=ORIENTED_EDGE('',*,*,#1206,.F.);
#1736=ORIENTED_EDGE('',*,*,#1201,.T.);
#1737=ORIENTED_EDGE('',*,*,#1206,.T.);
#1738=ORIENTED_EDGE('',*,*,#982,.F.);
#1739=ORIENTED_EDGE('',*,*,#1207,.F.);
#1740=ORIENTED_EDGE('',*,*,#1202,.F.);
#1741=ORIENTED_EDGE('',*,*,#1207,.T.);
#1742=ORIENTED_EDGE('',*,*,#981,.F.);
#1743=ORIENTED_EDGE('',*,*,#1196,.F.);
#1744=CYLINDRICAL_SURFACE('',#1883,1.7);
#1745=CYLINDRICAL_SURFACE('',#1886,1.7);
#1746=CYLINDRICAL_SURFACE('',#1889,1.7);
#1747=CYLINDRICAL_SURFACE('',#1892,1.7);
#1748=CYLINDRICAL_SURFACE('',#1945,4.);
#1749=CYLINDRICAL_SURFACE('',#1948,4.);
#1750=CYLINDRICAL_SURFACE('',#1951,4.);
#1751=CYLINDRICAL_SURFACE('',#1954,4.);
#1752=CYLINDRICAL_SURFACE('',#1957,2.);
#1753=CYLINDRICAL_SURFACE('',#1960,2.);
#1754=CYLINDRICAL_SURFACE('',#1963,2.);
#1755=CYLINDRICAL_SURFACE('',#1966,2.);
#1756=CYLINDRICAL_SURFACE('',#1970,11.9);
#1757=CYLINDRICAL_SURFACE('',#1976,9.5);
#1758=CYLINDRICAL_SURFACE('',#1996,5.);
#1759=CYLINDRICAL_SURFACE('',#2001,5.);
#1760=CYLINDRICAL_SURFACE('',#2008,9.5);
#1761=CYLINDRICAL_SURFACE('',#2010,9.5);
#1762=CYLINDRICAL_SURFACE('',#2012,9.50000000000001);
#1763=CYLINDRICAL_SURFACE('',#2013,4.);
#1764=CYLINDRICAL_SURFACE('',#2014,11.9);
#1765=CYLINDRICAL_SURFACE('',#2015,4.);
#1766=CYLINDRICAL_SURFACE('',#2016,5.);
#1767=CYLINDRICAL_SURFACE('',#2017,11.9);
#1768=CYLINDRICAL_SURFACE('',#2018,5.);
#1769=CYLINDRICAL_SURFACE('',#2020,11.9);
#1770=CYLINDRICAL_SURFACE('',#2025,6.);
#1771=CYLINDRICAL_SURFACE('',#2028,6.00000000000001);
#1772=CYLINDRICAL_SURFACE('',#2030,6.);
#1773=CYLINDRICAL_SURFACE('',#2036,6.00000000000001);
#1774=CYLINDRICAL_SURFACE('',#2038,6.);
#1775=CYLINDRICAL_SURFACE('',#2040,6.00000000000001);
#1776=ADVANCED_FACE('',(#91),#1744,.F.);
#1777=ADVANCED_FACE('',(#92),#1745,.F.);
#1778=ADVANCED_FACE('',(#93),#1746,.F.);
#1779=ADVANCED_FACE('',(#94),#1747,.F.);
#1780=ADVANCED_FACE('',(#95),#30,.F.);
#1781=ADVANCED_FACE('',(#96),#31,.F.);
#1782=ADVANCED_FACE('',(#97),#32,.F.);
#1783=ADVANCED_FACE('',(#98),#33,.F.);
#1784=ADVANCED_FACE('',(#99),#34,.F.);
#1785=ADVANCED_FACE('',(#100),#35,.F.);
#1786=ADVANCED_FACE('',(#101,#15,#16,#17),#36,.T.);
#1787=ADVANCED_FACE('',(#102),#37,.F.);
#1788=ADVANCED_FACE('',(#103),#38,.T.);
#1789=ADVANCED_FACE('',(#104),#39,.T.);
#1790=ADVANCED_FACE('',(#105,#18,#19),#40,.T.);
#1791=ADVANCED_FACE('',(#106),#41,.T.);
#1792=ADVANCED_FACE('',(#107),#42,.T.);
#1793=ADVANCED_FACE('',(#108),#43,.T.);
#1794=ADVANCED_FACE('',(#109),#44,.F.);
#1795=ADVANCED_FACE('',(#110),#45,.T.);
#1796=ADVANCED_FACE('',(#111),#46,.T.);
#1797=ADVANCED_FACE('',(#112),#47,.F.);
#1798=ADVANCED_FACE('',(#113),#48,.T.);
#1799=ADVANCED_FACE('',(#114),#49,.T.);
#1800=ADVANCED_FACE('',(#115),#50,.T.);
#1801=ADVANCED_FACE('',(#116),#51,.F.);
#1802=ADVANCED_FACE('',(#117),#52,.F.);
#1803=ADVANCED_FACE('',(#118),#1748,.F.);
#1804=ADVANCED_FACE('',(#119),#53,.F.);
#1805=ADVANCED_FACE('',(#120),#1749,.F.);
#1806=ADVANCED_FACE('',(#121),#54,.F.);
#1807=ADVANCED_FACE('',(#122),#1750,.F.);
#1808=ADVANCED_FACE('',(#123),#55,.F.);
#1809=ADVANCED_FACE('',(#124),#1751,.F.);
#1810=ADVANCED_FACE('',(#125),#56,.F.);
#1811=ADVANCED_FACE('',(#126),#1752,.F.);
#1812=ADVANCED_FACE('',(#127),#57,.F.);
#1813=ADVANCED_FACE('',(#128),#1753,.F.);
#1814=ADVANCED_FACE('',(#129),#58,.F.);
#1815=ADVANCED_FACE('',(#130),#1754,.F.);
#1816=ADVANCED_FACE('',(#131),#59,.F.);
#1817=ADVANCED_FACE('',(#132),#1755,.F.);
#1818=ADVANCED_FACE('',(#133),#60,.F.);
#1819=ADVANCED_FACE('',(#134),#61,.F.);
#1820=ADVANCED_FACE('',(#135),#1756,.T.);
#1821=ADVANCED_FACE('',(#136),#62,.T.);
#1822=ADVANCED_FACE('',(#137),#1757,.F.);
#1823=ADVANCED_FACE('',(#138,#20),#63,.T.);
#1824=ADVANCED_FACE('',(#139),#64,.F.);
#1825=ADVANCED_FACE('',(#140),#65,.F.);
#1826=ADVANCED_FACE('',(#141),#66,.F.);
#1827=ADVANCED_FACE('',(#142),#67,.F.);
#1828=ADVANCED_FACE('',(#143),#68,.F.);
#1829=ADVANCED_FACE('',(#144),#69,.T.);
#1830=ADVANCED_FACE('',(#145,#21,#22),#70,.T.);
#1831=ADVANCED_FACE('',(#146),#1758,.T.);
#1832=ADVANCED_FACE('',(#147),#71,.F.);
#1833=ADVANCED_FACE('',(#148),#72,.F.);
#1834=ADVANCED_FACE('',(#149),#73,.F.);
#1835=ADVANCED_FACE('',(#150),#74,.F.);
#1836=ADVANCED_FACE('',(#151),#1759,.T.);
#1837=ADVANCED_FACE('',(#152),#75,.F.);
#1838=ADVANCED_FACE('',(#153,#23),#76,.T.);
#1839=ADVANCED_FACE('',(#154),#77,.T.);
#1840=ADVANCED_FACE('',(#155),#78,.F.);
#1841=ADVANCED_FACE('',(#156),#1760,.F.);
#1842=ADVANCED_FACE('',(#157),#79,.F.);
#1843=ADVANCED_FACE('',(#158),#1761,.F.);
#1844=ADVANCED_FACE('',(#159),#80,.F.);
#1845=ADVANCED_FACE('',(#160),#1762,.F.);
#1846=ADVANCED_FACE('',(#161),#1763,.T.);
#1847=ADVANCED_FACE('',(#162),#1764,.T.);
#1848=ADVANCED_FACE('',(#163),#1765,.T.);
#1849=ADVANCED_FACE('',(#164),#1766,.T.);
#1850=ADVANCED_FACE('',(#165),#1767,.T.);
#1851=ADVANCED_FACE('',(#166),#1768,.T.);
#1852=ADVANCED_FACE('',(#167),#81,.T.);
#1853=ADVANCED_FACE('',(#168),#1769,.T.);
#1854=ADVANCED_FACE('',(#169),#82,.T.);
#1855=ADVANCED_FACE('',(#170),#83,.T.);
#1856=ADVANCED_FACE('',(#171),#84,.T.);
#1857=ADVANCED_FACE('',(#172),#85,.T.);
#1858=ADVANCED_FACE('',(#173),#1770,.T.);
#1859=ADVANCED_FACE('',(#174),#86,.T.);
#1860=ADVANCED_FACE('',(#175),#1771,.T.);
#1861=ADVANCED_FACE('',(#176),#1772,.T.);
#1862=ADVANCED_FACE('',(#177,#24,#25,#26,#27,#28,#29),#87,.F.);
#1863=ADVANCED_FACE('',(#178),#1773,.T.);
#1864=ADVANCED_FACE('',(#179),#88,.T.);
#1865=ADVANCED_FACE('',(#180),#1774,.T.);
#1866=ADVANCED_FACE('',(#181),#89,.T.);
#1867=ADVANCED_FACE('',(#182),#1775,.T.);
#1868=ADVANCED_FACE('',(#183),#90,.T.);
#1869=CLOSED_SHELL('',(#1776,#1777,#1778,#1779,#1780,#1781,#1782,#1783,
#1784,#1785,#1786,#1787,#1788,#1789,#1790,#1791,#1792,#1793,#1794,#1795,
#1796,#1797,#1798,#1799,#1800,#1801,#1802,#1803,#1804,#1805,#1806,#1807,
#1808,#1809,#1810,#1811,#1812,#1813,#1814,#1815,#1816,#1817,#1818,#1819,
#1820,#1821,#1822,#1823,#1824,#1825,#1826,#1827,#1828,#1829,#1830,#1831,
#1832,#1833,#1834,#1835,#1836,#1837,#1838,#1839,#1840,#1841,#1842,#1843,
#1844,#1845,#1846,#1847,#1848,#1849,#1850,#1851,#1852,#1853,#1854,#1855,
#1856,#1857,#1858,#1859,#1860,#1861,#1862,#1863,#1864,#1865,#1866,#1867,
#1868));
#1870=DERIVED_UNIT_ELEMENT(#1872,1.);
#1871=DERIVED_UNIT_ELEMENT(#3109,-3.);
#1872=(
MASS_UNIT()
NAMED_UNIT(*)
SI_UNIT(.KILO.,.GRAM.)
);
#1873=DERIVED_UNIT((#1870,#1871));
#1874=MEASURE_REPRESENTATION_ITEM('density measure',
POSITIVE_RATIO_MEASURE(7850.),#1873);
#1875=PROPERTY_DEFINITION_REPRESENTATION(#1880,#1877);
#1876=PROPERTY_DEFINITION_REPRESENTATION(#1881,#1878);
#1877=REPRESENTATION('material name',(#1879),#3106);
#1878=REPRESENTATION('density',(#1874),#3106);
#1879=DESCRIPTIVE_REPRESENTATION_ITEM('\X2\92FC\X0\','\X2\92FC\X0\');
#1880=PROPERTY_DEFINITION('material property','material name',#3116);
#1881=PROPERTY_DEFINITION('material property','density of part',#3116);
#1882=AXIS2_PLACEMENT_3D('',#2564,#2042,#2043);
#1883=AXIS2_PLACEMENT_3D('',#2565,#2044,#2045);
#1884=AXIS2_PLACEMENT_3D('',#2567,#2046,#2047);
#1885=AXIS2_PLACEMENT_3D('',#2570,#2049,#2050);
#1886=AXIS2_PLACEMENT_3D('',#2571,#2051,#2052);
#1887=AXIS2_PLACEMENT_3D('',#2573,#2053,#2054);
#1888=AXIS2_PLACEMENT_3D('',#2576,#2056,#2057);
#1889=AXIS2_PLACEMENT_3D('',#2577,#2058,#2059);
#1890=AXIS2_PLACEMENT_3D('',#2579,#2060,#2061);
#1891=AXIS2_PLACEMENT_3D('',#2582,#2063,#2064);
#1892=AXIS2_PLACEMENT_3D('',#2583,#2065,#2066);
#1893=AXIS2_PLACEMENT_3D('',#2585,#2067,#2068);
#1894=AXIS2_PLACEMENT_3D('',#2588,#2070,#2071);
#1895=AXIS2_PLACEMENT_3D('',#2589,#2072,#2073);
#1896=AXIS2_PLACEMENT_3D('',#2598,#2078,#2079);
#1897=AXIS2_PLACEMENT_3D('',#2607,#2084,#2085);
#1898=AXIS2_PLACEMENT_3D('',#2616,#2090,#2091);
#1899=AXIS2_PLACEMENT_3D('',#2622,#2095,#2096);
#1900=AXIS2_PLACEMENT_3D('',#2625,#2099,#2100);
#1901=AXIS2_PLACEMENT_3D('',#2631,#2104,#2105);
#1902=AXIS2_PLACEMENT_3D('',#2637,#2108,#2109);
#1903=AXIS2_PLACEMENT_3D('',#2645,#2113,#2114);
#1904=AXIS2_PLACEMENT_3D('',#2649,#2116,#2117);
#1905=AXIS2_PLACEMENT_3D('',#2653,#2119,#2120);
#1906=AXIS2_PLACEMENT_3D('',#2657,#2122,#2123);
#1907=AXIS2_PLACEMENT_3D('',#2661,#2125,#2126);
#1908=AXIS2_PLACEMENT_3D('',#2665,#2128,#2129);
#1909=AXIS2_PLACEMENT_3D('',#2673,#2133,#2134);
#1910=AXIS2_PLACEMENT_3D('',#2681,#2138,#2139);
#1911=AXIS2_PLACEMENT_3D('',#2685,#2141,#2142);
#1912=AXIS2_PLACEMENT_3D('',#2689,#2144,#2145);
#1913=AXIS2_PLACEMENT_3D('',#2692,#2147,#2148);
#1914=AXIS2_PLACEMENT_3D('',#2697,#2150,#2151);
#1915=AXIS2_PLACEMENT_3D('',#2701,#2153,#2154);
#1916=AXIS2_PLACEMENT_3D('',#2705,#2156,#2157);
#1917=AXIS2_PLACEMENT_3D('',#2708,#2159,#2160);
#1918=AXIS2_PLACEMENT_3D('',#2713,#2162,#2163);
#1919=AXIS2_PLACEMENT_3D('',#2717,#2165,#2166);
#1920=AXIS2_PLACEMENT_3D('',#2725,#2170,#2171);
#1921=AXIS2_PLACEMENT_3D('',#2731,#2174,#2175);
#1922=AXIS2_PLACEMENT_3D('',#2733,#2176,#2177);
#1923=AXIS2_PLACEMENT_3D('',#2737,#2179,#2180);
#1924=AXIS2_PLACEMENT_3D('',#2739,#2181,#2182);
#1925=AXIS2_PLACEMENT_3D('',#2745,#2185,#2186);
#1926=AXIS2_PLACEMENT_3D('',#2749,#2189,#2190);
#1927=AXIS2_PLACEMENT_3D('',#2753,#2193,#2194);
#1928=AXIS2_PLACEMENT_3D('',#2763,#2200,#2201);
#1929=AXIS2_PLACEMENT_3D('',#2767,#2204,#2205);
#1930=AXIS2_PLACEMENT_3D('',#2791,#2218,#2219);
#1931=AXIS2_PLACEMENT_3D('',#2793,#2221,#2222);
#1932=AXIS2_PLACEMENT_3D('',#2796,#2225,#2226);
#1933=AXIS2_PLACEMENT_3D('',#2797,#2227,#2228);
#1934=AXIS2_PLACEMENT_3D('',#2798,#2229,#2230);
#1935=AXIS2_PLACEMENT_3D('',#2804,#2233,#2234);
#1936=AXIS2_PLACEMENT_3D('',#2807,#2236,#2237);
#1937=AXIS2_PLACEMENT_3D('',#2809,#2238,#2239);
#1938=AXIS2_PLACEMENT_3D('',#2811,#2241,#2242);
#1939=AXIS2_PLACEMENT_3D('',#2817,#2246,#2247);
#1940=AXIS2_PLACEMENT_3D('',#2830,#2255,#2256);
#1941=AXIS2_PLACEMENT_3D('',#2834,#2259,#2260);
#1942=AXIS2_PLACEMENT_3D('',#2838,#2263,#2264);
#1943=AXIS2_PLACEMENT_3D('',#2842,#2267,#2268);
#1944=AXIS2_PLACEMENT_3D('',#2848,#2272,#2273);
#1945=AXIS2_PLACEMENT_3D('',#2854,#2277,#2278);
#1946=AXIS2_PLACEMENT_3D('',#2856,#2279,#2280);
#1947=AXIS2_PLACEMENT_3D('',#2858,#2282,#2283);
#1948=AXIS2_PLACEMENT_3D('',#2862,#2286,#2287);
#1949=AXIS2_PLACEMENT_3D('',#2864,#2288,#2289);
#1950=AXIS2_PLACEMENT_3D('',#2866,#2291,#2292);
#1951=AXIS2_PLACEMENT_3D('',#2870,#2295,#2296);
#1952=AXIS2_PLACEMENT_3D('',#2873,#2298,#2299);
#1953=AXIS2_PLACEMENT_3D('',#2874,#2300,#2301);
#1954=AXIS2_PLACEMENT_3D('',#2878,#2304,#2305);
#1955=AXIS2_PLACEMENT_3D('',#2879,#2306,#2307);
#1956=AXIS2_PLACEMENT_3D('',#2880,#2308,#2309);
#1957=AXIS2_PLACEMENT_3D('',#2886,#2313,#2314);
#1958=AXIS2_PLACEMENT_3D('',#2888,#2315,#2316);
#1959=AXIS2_PLACEMENT_3D('',#2890,#2318,#2319);
#1960=AXIS2_PLACEMENT_3D('',#2894,#2322,#2323);
#1961=AXIS2_PLACEMENT_3D('',#2896,#2324,#2325);
#1962=AXIS2_PLACEMENT_3D('',#2898,#2327,#2328);
#1963=AXIS2_PLACEMENT_3D('',#2902,#2331,#2332);
#1964=AXIS2_PLACEMENT_3D('',#2905,#2334,#2335);
#1965=AXIS2_PLACEMENT_3D('',#2906,#2336,#2337);
#1966=AXIS2_PLACEMENT_3D('',#2910,#2340,#2341);
#1967=AXIS2_PLACEMENT_3D('',#2911,#2342,#2343);
#1968=AXIS2_PLACEMENT_3D('',#2912,#2344,#2345);
#1969=AXIS2_PLACEMENT_3D('',#2914,#2347,#2348);
#1970=AXIS2_PLACEMENT_3D('',#2921,#2353,#2354);
#1971=AXIS2_PLACEMENT_3D('',#2923,#2355,#2356);
#1972=AXIS2_PLACEMENT_3D('',#2926,#2358,#2359);
#1973=AXIS2_PLACEMENT_3D('',#2927,#2360,#2361);
#1974=AXIS2_PLACEMENT_3D('',#2928,#2362,#2363);
#1975=AXIS2_PLACEMENT_3D('',#2932,#2365,#2366);
#1976=AXIS2_PLACEMENT_3D('',#2934,#2368,#2369);
#1977=AXIS2_PLACEMENT_3D('',#2936,#2370,#2371);
#1978=AXIS2_PLACEMENT_3D('',#2938,#2373,#2374);
#1979=AXIS2_PLACEMENT_3D('',#2940,#2375,#2376);
#1980=AXIS2_PLACEMENT_3D('',#2942,#2377,#2378);
#1981=AXIS2_PLACEMENT_3D('',#2948,#2382,#2383);
#1982=AXIS2_PLACEMENT_3D('',#2954,#2387,#2388);
#1983=AXIS2_PLACEMENT_3D('',#2960,#2392,#2393);
#1984=AXIS2_PLACEMENT_3D('',#2964,#2396,#2397);
#1985=AXIS2_PLACEMENT_3D('',#2967,#2400,#2401);
#1986=AXIS2_PLACEMENT_3D('',#2971,#2404,#2405);
#1987=AXIS2_PLACEMENT_3D('',#2975,#2408,#2409);
#1988=AXIS2_PLACEMENT_3D('',#2976,#2410,#2411);
#1989=AXIS2_PLACEMENT_3D('',#2978,#2412,#2413);
#1990=AXIS2_PLACEMENT_3D('',#2980,#2414,#2415);
#1991=AXIS2_PLACEMENT_3D('',#2984,#2417,#2418);
#1992=AXIS2_PLACEMENT_3D('',#2986,#2419,#2420);
#1993=AXIS2_PLACEMENT_3D('',#2992,#2423,#2424);
#1994=AXIS2_PLACEMENT_3D('',#3000,#2428,#2429);
#1995=AXIS2_PLACEMENT_3D('',#3003,#2431,#2432);
#1996=AXIS2_PLACEMENT_3D('',#3004,#2433,#2434);
#1997=AXIS2_PLACEMENT_3D('',#3006,#2436,#2437);
#1998=AXIS2_PLACEMENT_3D('',#3009,#2440,#2441);
#1999=AXIS2_PLACEMENT_3D('',#3015,#2445,#2446);
#2000=AXIS2_PLACEMENT_3D('',#3018,#2449,#2450);
#2001=AXIS2_PLACEMENT_3D('',#3020,#2452,#2453);
#2002=AXIS2_PLACEMENT_3D('',#3022,#2455,#2456);
#2003=AXIS2_PLACEMENT_3D('',#3026,#2459,#2460);
#2004=AXIS2_PLACEMENT_3D('',#3027,#2461,#2462);
#2005=AXIS2_PLACEMENT_3D('',#3030,#2464,#2465);
#2006=AXIS2_PLACEMENT_3D('',#3031,#2466,#2467);
#2007=AXIS2_PLACEMENT_3D('',#3033,#2469,#2470);
#2008=AXIS2_PLACEMENT_3D('',#3034,#2471,#2472);
#2009=AXIS2_PLACEMENT_3D('',#3036,#2474,#2475);
#2010=AXIS2_PLACEMENT_3D('',#3038,#2477,#2478);
#2011=AXIS2_PLACEMENT_3D('',#3040,#2480,#2481);
#2012=AXIS2_PLACEMENT_3D('',#3041,#2482,#2483);
#2013=AXIS2_PLACEMENT_3D('',#3042,#2484,#2485);
#2014=AXIS2_PLACEMENT_3D('',#3045,#2488,#2489);
#2015=AXIS2_PLACEMENT_3D('',#3046,#2490,#2491);
#2016=AXIS2_PLACEMENT_3D('',#3047,#2492,#2493);
#2017=AXIS2_PLACEMENT_3D('',#3048,#2494,#2495);
#2018=AXIS2_PLACEMENT_3D('',#3050,#2497,#2498);
#2019=AXIS2_PLACEMENT_3D('',#3052,#2500,#2501);
#2020=AXIS2_PLACEMENT_3D('',#3053,#2502,#2503);
#2021=AXIS2_PLACEMENT_3D('',#3055,#2505,#2506);
#2022=AXIS2_PLACEMENT_3D('',#3056,#2507,#2508);
#2023=AXIS2_PLACEMENT_3D('',#3057,#2509,#2510);
#2024=AXIS2_PLACEMENT_3D('',#3063,#2514,#2515);
#2025=AXIS2_PLACEMENT_3D('',#3067,#2518,#2519);
#2026=AXIS2_PLACEMENT_3D('',#3068,#2520,#2521);
#2027=AXIS2_PLACEMENT_3D('',#3069,#2522,#2523);
#2028=AXIS2_PLACEMENT_3D('',#3075,#2527,#2528);
#2029=AXIS2_PLACEMENT_3D('',#3076,#2529,#2530);
#2030=AXIS2_PLACEMENT_3D('',#3077,#2531,#2532);
#2031=AXIS2_PLACEMENT_3D('',#3079,#2533,#2534);
#2032=AXIS2_PLACEMENT_3D('',#3081,#2536,#2537);
#2033=AXIS2_PLACEMENT_3D('',#3083,#2538,#2539);
#2034=AXIS2_PLACEMENT_3D('',#3087,#2541,#2542);
#2035=AXIS2_PLACEMENT_3D('',#3091,#2544,#2545);
#2036=AXIS2_PLACEMENT_3D('',#3093,#2547,#2548);
#2037=AXIS2_PLACEMENT_3D('',#3095,#2550,#2551);
#2038=AXIS2_PLACEMENT_3D('',#3097,#2553,#2554);
#2039=AXIS2_PLACEMENT_3D('',#3099,#2556,#2557);
#2040=AXIS2_PLACEMENT_3D('',#3101,#2559,#2560);
#2041=AXIS2_PLACEMENT_3D('',#3103,#2562,#2563);
#2042=DIRECTION('axis',(0.,0.,1.));
#2043=DIRECTION('refdir',(1.,0.,0.));
#2044=DIRECTION('center_axis',(0.,0.,-1.));
#2045=DIRECTION('ref_axis',(1.,0.,0.));
#2046=DIRECTION('center_axis',(0.,0.,-1.));
#2047=DIRECTION('ref_axis',(1.,0.,0.));
#2048=DIRECTION('',(0.,0.,-1.));
#2049=DIRECTION('center_axis',(0.,0.,1.));
#2050=DIRECTION('ref_axis',(1.,0.,0.));
#2051=DIRECTION('center_axis',(0.,0.,-1.));
#2052=DIRECTION('ref_axis',(1.,0.,0.));
#2053=DIRECTION('center_axis',(0.,0.,-1.));
#2054=DIRECTION('ref_axis',(1.,0.,0.));
#2055=DIRECTION('',(0.,0.,-1.));
#2056=DIRECTION('center_axis',(0.,0.,1.));
#2057=DIRECTION('ref_axis',(1.,0.,0.));
#2058=DIRECTION('center_axis',(0.,0.,-1.));
#2059=DIRECTION('ref_axis',(1.,0.,0.));
#2060=DIRECTION('center_axis',(0.,0.,-1.));
#2061=DIRECTION('ref_axis',(1.,0.,0.));
#2062=DIRECTION('',(0.,0.,-1.));
#2063=DIRECTION('center_axis',(0.,0.,1.));
#2064=DIRECTION('ref_axis',(1.,0.,0.));
#2065=DIRECTION('center_axis',(0.,0.,-1.));
#2066=DIRECTION('ref_axis',(1.,0.,0.));
#2067=DIRECTION('center_axis',(0.,0.,-1.));
#2068=DIRECTION('ref_axis',(1.,0.,0.));
#2069=DIRECTION('',(0.,0.,-1.));
#2070=DIRECTION('center_axis',(0.,0.,1.));
#2071=DIRECTION('ref_axis',(1.,0.,0.));
#2072=DIRECTION('center_axis',(0.,1.,0.));
#2073=DIRECTION('ref_axis',(1.,0.,0.));
#2074=DIRECTION('',(1.,0.,0.));
#2075=DIRECTION('',(0.,0.,-1.));
#2076=DIRECTION('',(-1.,0.,0.));
#2077=DIRECTION('',(0.,0.,-1.));
#2078=DIRECTION('center_axis',(-1.,0.,0.));
#2079=DIRECTION('ref_axis',(0.,1.,0.));
#2080=DIRECTION('',(0.,-0.207911690817759,0.978147600733806));
#2081=DIRECTION('',(0.,-0.978147600733806,-0.207911690817759));
#2082=DIRECTION('',(0.,0.207911690817759,-0.978147600733805));
#2083=DIRECTION('',(0.,-1.,0.));
#2084=DIRECTION('center_axis',(1.,0.,0.));
#2085=DIRECTION('ref_axis',(0.,-1.,0.));
#2086=DIRECTION('',(0.,0.207911690817759,-0.978147600733806));
#2087=DIRECTION('',(0.,1.,0.));
#2088=DIRECTION('',(0.,-0.207911690817759,0.978147600733805));
#2089=DIRECTION('',(0.,0.978147600733806,0.207911690817759));
#2090=DIRECTION('center_axis',(1.,0.,0.));
#2091=DIRECTION('ref_axis',(0.,-1.,0.));
#2092=DIRECTION('',(0.,-1.,0.));
#2093=DIRECTION('',(0.,1.,0.));
#2094=DIRECTION('',(0.,0.,-1.));
#2095=DIRECTION('center_axis',(0.,0.,1.));
#2096=DIRECTION('ref_axis',(1.,0.,0.));
#2097=DIRECTION('',(1.,0.,0.));
#2098=DIRECTION('',(-1.,0.,0.));
#2099=DIRECTION('center_axis',(-1.,0.,0.));
#2100=DIRECTION('ref_axis',(0.,1.,0.));
#2101=DIRECTION('',(0.,1.,0.));
#2102=DIRECTION('',(0.,0.,1.));
#2103=DIRECTION('',(0.,-1.,0.));
#2104=DIRECTION('center_axis',(0.,0.,1.));
#2105=DIRECTION('ref_axis',(1.,0.,0.));
#2106=DIRECTION('',(1.,0.,0.));
#2107=DIRECTION('',(0.,-1.,0.));
#2108=DIRECTION('center_axis',(0.,0.,-1.));
#2109=DIRECTION('ref_axis',(0.,-1.,0.));
#2110=DIRECTION('',(0.,-1.,0.));
#2111=DIRECTION('',(-1.,0.,0.));
#2112=DIRECTION('',(0.,-1.,0.));
#2113=DIRECTION('center_axis',(0.,0.,-1.));
#2114=DIRECTION('ref_axis',(1.,0.,0.));
#2115=DIRECTION('',(1.05735526154777E-16,1.,0.));
#2116=DIRECTION('center_axis',(0.,0.,1.));
#2117=DIRECTION('ref_axis',(0.,-1.,0.));
#2118=DIRECTION('',(1.85037170770859E-16,1.,0.));
#2119=DIRECTION('center_axis',(0.,0.,1.));
#2120=DIRECTION('ref_axis',(1.,0.,0.));
#2121=DIRECTION('',(-1.,-1.11022302462516E-16,0.));
#2122=DIRECTION('center_axis',(0.,0.,1.));
#2123=DIRECTION('ref_axis',(0.,1.,0.));
#2124=DIRECTION('',(-1.85037170770859E-16,-1.,0.));
#2125=DIRECTION('center_axis',(0.,0.,1.));
#2126=DIRECTION('ref_axis',(-1.,0.,0.));
#2127=DIRECTION('',(0.,-1.,0.));
#2128=DIRECTION('center_axis',(0.,0.,-1.));
#2129=DIRECTION('ref_axis',(1.,0.,0.));
#2130=DIRECTION('',(-7.38671340402632E-17,1.,0.));
#2131=DIRECTION('',(-1.,0.,0.));
#2132=DIRECTION('',(3.69335670201316E-17,1.,0.));
#2133=DIRECTION('center_axis',(0.,0.,-1.));
#2134=DIRECTION('ref_axis',(-1.,-9.34924652315921E-16,0.));
#2135=DIRECTION('',(0.,1.,0.));
#2136=DIRECTION('',(1.,0.,0.));
#2137=DIRECTION('',(0.,-1.,0.));
#2138=DIRECTION('center_axis',(0.,0.,-1.));
#2139=DIRECTION('ref_axis',(0.,-1.,0.));
#2140=DIRECTION('',(-1.,0.,0.));
#2141=DIRECTION('center_axis',(0.,0.,-1.));
#2142=DIRECTION('ref_axis',(-1.,0.,0.));
#2143=DIRECTION('',(0.,1.,0.));
#2144=DIRECTION('center_axis',(0.,0.,-1.));
#2145=DIRECTION('ref_axis',(0.,1.,0.));
#2146=DIRECTION('',(1.,0.,0.));
#2147=DIRECTION('center_axis',(0.,0.,-1.));
#2148=DIRECTION('ref_axis',(1.,0.,0.));
#2149=DIRECTION('',(1.58603289232165E-16,-1.,0.));
#2150=DIRECTION('center_axis',(0.,0.,-1.));
#2151=DIRECTION('ref_axis',(0.,-1.,0.));
#2152=DIRECTION('',(-1.,0.,0.));
#2153=DIRECTION('center_axis',(0.,0.,-1.));
#2154=DIRECTION('ref_axis',(-1.,0.,0.));
#2155=DIRECTION('',(0.,1.,0.));
#2156=DIRECTION('center_axis',(0.,0.,-1.));
#2157=DIRECTION('ref_axis',(0.,1.,0.));
#2158=DIRECTION('',(1.,0.,0.));
#2159=DIRECTION('center_axis',(0.,0.,-1.));
#2160=DIRECTION('ref_axis',(1.,0.,0.));
#2161=DIRECTION('',(0.,-1.,0.));
#2162=DIRECTION('center_axis',(0.,0.,-1.));
#2163=DIRECTION('ref_axis',(1.,0.,0.));
#2164=DIRECTION('',(1.,0.,0.));
#2165=DIRECTION('center_axis',(0.,0.,-1.));
#2166=DIRECTION('ref_axis',(0.,1.,0.));
#2167=DIRECTION('',(3.69335670201316E-17,1.,0.));
#2168=DIRECTION('',(1.,0.,0.));
#2169=DIRECTION('',(-7.38671340402632E-17,1.,0.));
#2170=DIRECTION('center_axis',(0.,0.,-1.));
#2171=DIRECTION('ref_axis',(1.,0.,0.));
#2172=DIRECTION('',(1.,0.,0.));
#2173=DIRECTION('',(0.,1.,0.));
#2174=DIRECTION('center_axis',(0.,0.,-1.));
#2175=DIRECTION('ref_axis',(1.,0.,0.));
#2176=DIRECTION('center_axis',(0.,0.,-1.));
#2177=DIRECTION('ref_axis',(0.,1.,0.));
#2178=DIRECTION('',(1.,-1.81002327226437E-16,0.));
#2179=DIRECTION('center_axis',(0.,0.,-1.));
#2180=DIRECTION('ref_axis',(1.,0.,0.));
#2181=DIRECTION('center_axis',(0.,0.,-1.));
#2182=DIRECTION('ref_axis',(1.,0.,0.));
#2183=DIRECTION('',(0.,-1.,0.));
#2184=DIRECTION('',(1.,0.,0.));
#2185=DIRECTION('center_axis',(0.,0.,-1.));
#2186=DIRECTION('ref_axis',(1.,0.,0.));
#2187=DIRECTION('',(0.,-1.,0.));
#2188=DIRECTION('',(1.,0.,0.));
#2189=DIRECTION('center_axis',(0.,1.,0.));
#2190=DIRECTION('ref_axis',(1.,0.,0.));
#2191=DIRECTION('',(-1.,0.,0.));
#2192=DIRECTION('',(0.,0.,-1.));
#2193=DIRECTION('center_axis',(0.,-0.978147600733806,-0.207911690817759));
#2194=DIRECTION('ref_axis',(0.,0.207911690817759,-0.978147600733806));
#2195=DIRECTION('',(1.,0.,0.));
#2196=DIRECTION('',(0.,0.207911690817759,-0.978147600733806));
#2197=DIRECTION('',(1.,0.,0.));
#2198=DIRECTION('',(0.,0.207911690817759,-0.978147600733806));
#2199=DIRECTION('',(1.,0.,0.));
#2200=DIRECTION('center_axis',(0.,0.207911690817759,-0.978147600733806));
#2201=DIRECTION('ref_axis',(0.,0.978147600733806,0.207911690817759));
#2202=DIRECTION('',(1.,0.,0.));
#2203=DIRECTION('',(0.,0.978147600733806,0.207911690817759));
#2204=DIRECTION('center_axis',(0.,0.978147600733806,0.207911690817759));
#2205=DIRECTION('ref_axis',(0.,-0.207911690817759,0.978147600733806));
#2206=DIRECTION('',(1.,0.,0.));
#2207=DIRECTION('',(0.,-0.207911690817759,0.978147600733806));
#2208=DIRECTION('',(1.,0.,0.));
#2209=DIRECTION('',(0.,-0.207911690817759,0.978147600733806));
#2210=DIRECTION('',(-1.,0.,0.));
#2211=DIRECTION('',(0.,0.207911690817759,-0.978147600733806));
#2212=DIRECTION('',(1.,0.,0.));
#2213=DIRECTION('',(0.,-0.207911690817759,0.978147600733806));
#2214=DIRECTION('',(0.,-0.207911690817759,0.978147600733806));
#2215=DIRECTION('',(-1.,0.,0.));
#2216=DIRECTION('',(0.,0.207911690817759,-0.978147600733806));
#2217=DIRECTION('',(1.,0.,0.));
#2218=DIRECTION('center_axis',(0.,0.207911690817759,-0.978147600733806));
#2219=DIRECTION('ref_axis',(0.,0.978147600733806,0.207911690817759));
#2220=DIRECTION('',(0.,0.978147600733806,0.207911690817759));
#2221=DIRECTION('center_axis',(0.,-0.207911690817759,0.978147600733806));
#2222=DIRECTION('ref_axis',(0.,-0.978147600733806,-0.207911690817759));
#2223=DIRECTION('',(0.,-0.978147600733806,-0.207911690817759));
#2224=DIRECTION('',(0.,-0.978147600733806,-0.207911690817759));
#2225=DIRECTION('center_axis',(1.,0.,0.));
#2226=DIRECTION('ref_axis',(0.,0.,-1.));
#2227=DIRECTION('center_axis',(1.,0.,0.));
#2228=DIRECTION('ref_axis',(0.,0.,-1.));
#2229=DIRECTION('center_axis',(0.,0.,1.));
#2230=DIRECTION('ref_axis',(1.,0.,0.));
#2231=DIRECTION('',(0.,-1.,0.));
#2232=DIRECTION('',(1.,0.,0.));
#2233=DIRECTION('center_axis',(0.,0.,1.));
#2234=DIRECTION('ref_axis',(7.40148683083436E-16,-1.,0.));
#2235=DIRECTION('',(1.05735526154777E-16,1.,0.));
#2236=DIRECTION('center_axis',(0.,0.,-1.));
#2237=DIRECTION('ref_axis',(1.,0.,0.));
#2238=DIRECTION('center_axis',(0.,0.,-1.));
#2239=DIRECTION('ref_axis',(0.,-1.,0.));
#2240=DIRECTION('',(0.,-1.,0.));
#2241=DIRECTION('center_axis',(1.,0.,0.));
#2242=DIRECTION('ref_axis',(0.,0.,-1.));
#2243=DIRECTION('',(0.,0.806852798474473,0.590752538372804));
#2244=DIRECTION('',(0.,1.,0.));
#2245=DIRECTION('',(0.,0.,-1.));
#2246=DIRECTION('center_axis',(-1.,0.,0.));
#2247=DIRECTION('ref_axis',(0.,1.,0.));
#2248=DIRECTION('',(0.,0.806852798474473,0.590752538372804));
#2249=DIRECTION('',(0.,1.,0.));
#2250=DIRECTION('',(0.,0.,-1.));
#2251=DIRECTION('',(0.,0.,-1.));
#2252=DIRECTION('',(0.,1.,0.));
#2253=DIRECTION('',(0.,0.,1.));
#2254=DIRECTION('',(0.,1.,0.));
#2255=DIRECTION('center_axis',(0.,0.590752538372804,-0.806852798474473));
#2256=DIRECTION('ref_axis',(0.,0.806852798474473,0.590752538372804));
#2257=DIRECTION('',(0.,0.806852798474473,0.590752538372804));
#2258=DIRECTION('',(-1.,0.,0.));
#2259=DIRECTION('center_axis',(0.,0.590752538372804,-0.806852798474473));
#2260=DIRECTION('ref_axis',(0.,0.806852798474473,0.590752538372804));
#2261=DIRECTION('',(0.,0.806852798474473,0.590752538372804));
#2262=DIRECTION('',(-1.,0.,0.));
#2263=DIRECTION('center_axis',(0.,-1.,0.));
#2264=DIRECTION('ref_axis',(1.,0.,0.));
#2265=DIRECTION('',(-1.,0.,0.));
#2266=DIRECTION('',(0.,0.,1.));
#2267=DIRECTION('center_axis',(1.,0.,0.));
#2268=DIRECTION('ref_axis',(0.,0.,-1.));
#2269=DIRECTION('',(0.,-1.,0.));
#2270=DIRECTION('',(0.,0.,1.));
#2271=DIRECTION('',(0.,-1.,0.));
#2272=DIRECTION('center_axis',(-1.,0.,0.));
#2273=DIRECTION('ref_axis',(0.,1.,0.));
#2274=DIRECTION('',(0.,0.,-1.));
#2275=DIRECTION('',(0.,-1.,0.));
#2276=DIRECTION('',(0.,0.,-1.));
#2277=DIRECTION('center_axis',(0.,0.,-1.));
#2278=DIRECTION('ref_axis',(0.,1.,0.));
#2279=DIRECTION('center_axis',(0.,0.,1.));
#2280=DIRECTION('ref_axis',(0.,1.,0.));
#2281=DIRECTION('',(0.,0.,-1.));
#2282=DIRECTION('center_axis',(0.,1.,0.));
#2283=DIRECTION('ref_axis',(1.,0.,0.));
#2284=DIRECTION('',(-1.,0.,0.));
#2285=DIRECTION('',(0.,0.,-1.));
#2286=DIRECTION('center_axis',(0.,0.,-1.));
#2287=DIRECTION('ref_axis',(1.,0.,0.));
#2288=DIRECTION('center_axis',(0.,0.,1.));
#2289=DIRECTION('ref_axis',(1.,0.,0.));
#2290=DIRECTION('',(0.,0.,-1.));
#2291=DIRECTION('center_axis',(1.,0.,0.));
#2292=DIRECTION('ref_axis',(0.,-1.,0.));
#2293=DIRECTION('',(0.,1.,0.));
#2294=DIRECTION('',(0.,0.,-1.));
#2295=DIRECTION('center_axis',(0.,0.,-1.));
#2296=DIRECTION('ref_axis',(-1.,0.,0.));
#2297=DIRECTION('',(0.,0.,-1.));
#2298=DIRECTION('center_axis',(0.,0.,1.));
#2299=DIRECTION('ref_axis',(-1.,0.,0.));
#2300=DIRECTION('center_axis',(0.,-1.,0.));
#2301=DIRECTION('ref_axis',(-1.,0.,0.));
#2302=DIRECTION('',(0.,0.,-1.));
#2303=DIRECTION('',(1.,0.,0.));
#2304=DIRECTION('center_axis',(0.,0.,-1.));
#2305=DIRECTION('ref_axis',(0.,-1.,0.));
#2306=DIRECTION('center_axis',(0.,0.,1.));
#2307=DIRECTION('ref_axis',(0.,-1.,0.));
#2308=DIRECTION('center_axis',(-1.,0.,0.));
#2309=DIRECTION('ref_axis',(0.,1.,0.));
#2310=DIRECTION('',(0.,0.,-1.));
#2311=DIRECTION('',(0.,-1.,0.));
#2312=DIRECTION('',(0.,0.,-1.));
#2313=DIRECTION('center_axis',(0.,0.,-1.));
#2314=DIRECTION('ref_axis',(0.,1.,0.));
#2315=DIRECTION('center_axis',(0.,0.,1.));
#2316=DIRECTION('ref_axis',(0.,1.,0.));
#2317=DIRECTION('',(0.,0.,-1.));
#2318=DIRECTION('center_axis',(0.,1.,0.));
#2319=DIRECTION('ref_axis',(1.,0.,0.));
#2320=DIRECTION('',(-1.,0.,0.));
#2321=DIRECTION('',(0.,0.,-1.));
#2322=DIRECTION('center_axis',(0.,0.,-1.));
#2323=DIRECTION('ref_axis',(1.,0.,0.));
#2324=DIRECTION('center_axis',(0.,0.,1.));
#2325=DIRECTION('ref_axis',(1.,0.,0.));
#2326=DIRECTION('',(0.,0.,-1.));
#2327=DIRECTION('center_axis',(1.,1.58603289232165E-16,0.));
#2328=DIRECTION('ref_axis',(1.58603289232165E-16,-1.,0.));
#2329=DIRECTION('',(-1.58603289232165E-16,1.,0.));
#2330=DIRECTION('',(0.,0.,-1.));
#2331=DIRECTION('center_axis',(0.,0.,-1.));
#2332=DIRECTION('ref_axis',(-1.,0.,0.));
#2333=DIRECTION('',(0.,0.,-1.));
#2334=DIRECTION('center_axis',(0.,0.,1.));
#2335=DIRECTION('ref_axis',(-1.,0.,0.));
#2336=DIRECTION('center_axis',(0.,-1.,0.));
#2337=DIRECTION('ref_axis',(-1.,0.,0.));
#2338=DIRECTION('',(0.,0.,-1.));
#2339=DIRECTION('',(1.,0.,0.));
#2340=DIRECTION('center_axis',(0.,0.,-1.));
#2341=DIRECTION('ref_axis',(0.,-1.,0.));
#2342=DIRECTION('center_axis',(0.,0.,1.));
#2343=DIRECTION('ref_axis',(0.,-1.,0.));
#2344=DIRECTION('center_axis',(0.,1.,0.));
#2345=DIRECTION('ref_axis',(1.,0.,0.));
#2346=DIRECTION('',(-1.,0.,0.));
#2347=DIRECTION('center_axis',(1.,0.,0.));
#2348=DIRECTION('ref_axis',(0.,-1.,0.));
#2349=DIRECTION('',(0.,0.,-1.));
#2350=DIRECTION('',(0.,-1.,0.));
#2351=DIRECTION('',(0.,0.,1.));
#2352=DIRECTION('',(0.,-1.,0.));
#2353=DIRECTION('center_axis',(0.,0.,1.));
#2354=DIRECTION('ref_axis',(-1.,7.46368419916072E-16,0.));
#2355=DIRECTION('center_axis',(0.,0.,1.));
#2356=DIRECTION('ref_axis',(-1.,7.46368419916072E-16,0.));
#2357=DIRECTION('',(0.,0.,-1.));
#2358=DIRECTION('center_axis',(0.,0.,-1.));
#2359=DIRECTION('ref_axis',(-1.,7.46368419916072E-16,0.));
#2360=DIRECTION('center_axis',(0.,0.,1.));
#2361=DIRECTION('ref_axis',(1.,0.,0.));
#2362=DIRECTION('center_axis',(0.,0.,-1.));
#2363=DIRECTION('ref_axis',(1.,0.,0.));
#2364=DIRECTION('',(0.,-1.,0.));
#2365=DIRECTION('center_axis',(0.,0.,1.));
#2366=DIRECTION('ref_axis',(-1.,0.,0.));
#2367=DIRECTION('',(1.,0.,0.));
#2368=DIRECTION('center_axis',(0.,0.,-1.));
#2369=DIRECTION('ref_axis',(0.,-1.,0.));
#2370=DIRECTION('center_axis',(0.,0.,-1.));
#2371=DIRECTION('ref_axis',(0.,-1.,0.));
#2372=DIRECTION('',(0.,0.,-1.));
#2373=DIRECTION('center_axis',(0.,0.,1.));
#2374=DIRECTION('ref_axis',(1.,0.,0.));
#2375=DIRECTION('center_axis',(0.,0.,1.));
#2376=DIRECTION('ref_axis',(0.,-1.,0.));
#2377=DIRECTION('center_axis',(0.,0.,1.));
#2378=DIRECTION('ref_axis',(1.,0.,0.));
#2379=DIRECTION('',(0.,1.,0.));
#2380=DIRECTION('',(-1.,0.,0.));
#2381=DIRECTION('',(0.,-1.,0.));
#2382=DIRECTION('center_axis',(0.,1.,0.));
#2383=DIRECTION('ref_axis',(1.,0.,0.));
#2384=DIRECTION('',(0.,0.,1.));
#2385=DIRECTION('',(0.,0.,-1.));
#2386=DIRECTION('',(1.,0.,0.));
#2387=DIRECTION('center_axis',(0.,1.,0.));
#2388=DIRECTION('ref_axis',(1.,0.,0.));
#2389=DIRECTION('',(0.,0.,1.));
#2390=DIRECTION('',(0.,0.,-1.));
#2391=DIRECTION('',(1.,0.,0.));
#2392=DIRECTION('center_axis',(1.,0.,0.));
#2393=DIRECTION('ref_axis',(0.,-1.,0.));
#2394=DIRECTION('',(0.,0.,-1.));
#2395=DIRECTION('',(0.,-1.,0.));
#2396=DIRECTION('center_axis',(0.,-1.,0.));
#2397=DIRECTION('ref_axis',(-1.,0.,0.));
#2398=DIRECTION('',(0.,0.,-1.));
#2399=DIRECTION('',(0.,0.,1.));
#2400=DIRECTION('center_axis',(1.,0.,0.));
#2401=DIRECTION('ref_axis',(0.,-1.,0.));
#2402=DIRECTION('',(0.,-1.,0.));
#2403=DIRECTION('',(0.,0.,-1.));
#2404=DIRECTION('center_axis',(1.,0.,0.));
#2405=DIRECTION('ref_axis',(0.,1.,0.));
#2406=DIRECTION('',(0.,0.,1.));
#2407=DIRECTION('',(0.,1.,0.));
#2408=DIRECTION('center_axis',(0.,0.,1.));
#2409=DIRECTION('ref_axis',(1.,0.,0.));
#2410=DIRECTION('center_axis',(0.,0.,1.));
#2411=DIRECTION('ref_axis',(1.,0.,0.));
#2412=DIRECTION('center_axis',(0.,0.,1.));
#2413=DIRECTION('ref_axis',(1.,0.,0.));
#2414=DIRECTION('center_axis',(0.,0.,1.));
#2415=DIRECTION('ref_axis',(1.,0.,0.));
#2416=DIRECTION('',(-1.,1.81002327226437E-16,0.));
#2417=DIRECTION('center_axis',(0.,0.,1.));
#2418=DIRECTION('ref_axis',(0.,1.,0.));
#2419=DIRECTION('center_axis',(0.,0.,1.));
#2420=DIRECTION('ref_axis',(1.,0.,0.));
#2421=DIRECTION('',(0.,1.,0.));
#2422=DIRECTION('',(1.,0.,0.));
#2423=DIRECTION('center_axis',(0.,0.,1.));
#2424=DIRECTION('ref_axis',(1.,0.,0.));
#2425=DIRECTION('',(7.38671340402632E-17,-1.,0.));
#2426=DIRECTION('',(1.,0.,0.));
#2427=DIRECTION('',(3.69335670201316E-17,1.,0.));
#2428=DIRECTION('center_axis',(0.,0.,-1.));
#2429=DIRECTION('ref_axis',(0.,1.,0.));
#2430=DIRECTION('',(1.,0.,0.));
#2431=DIRECTION('center_axis',(0.,0.,-1.));
#2432=DIRECTION('ref_axis',(1.,0.,0.));
#2433=DIRECTION('center_axis',(0.,0.,1.));
#2434=DIRECTION('ref_axis',(1.,0.,0.));
#2435=DIRECTION('',(0.,0.,-1.));
#2436=DIRECTION('center_axis',(0.,1.,0.));
#2437=DIRECTION('ref_axis',(1.,0.,0.));
#2438=DIRECTION('',(0.,0.,-1.));
#2439=DIRECTION('',(0.,0.,-1.));
#2440=DIRECTION('center_axis',(0.,-1.,0.));
#2441=DIRECTION('ref_axis',(-1.,0.,0.));
#2442=DIRECTION('',(0.,0.,1.));
#2443=DIRECTION('',(0.,0.,-1.));
#2444=DIRECTION('',(-1.,0.,0.));
#2445=DIRECTION('center_axis',(0.,1.,0.));
#2446=DIRECTION('ref_axis',(1.,0.,0.));
#2447=DIRECTION('',(0.,0.,-1.));
#2448=DIRECTION('',(0.,0.,1.));
#2449=DIRECTION('center_axis',(-1.,0.,0.));
#2450=DIRECTION('ref_axis',(0.,1.,0.));
#2451=DIRECTION('',(0.,0.,1.));
#2452=DIRECTION('center_axis',(0.,0.,1.));
#2453=DIRECTION('ref_axis',(1.,0.,0.));
#2454=DIRECTION('',(0.,0.,-1.));
#2455=DIRECTION('center_axis',(-1.,3.69335670201316E-17,0.));
#2456=DIRECTION('ref_axis',(3.69335670201316E-17,1.,0.));
#2457=DIRECTION('',(3.69335670201316E-17,1.,0.));
#2458=DIRECTION('',(0.,0.,-1.));
#2459=DIRECTION('center_axis',(0.,0.,1.));
#2460=DIRECTION('ref_axis',(1.,0.,0.));
#2461=DIRECTION('center_axis',(0.,0.,-1.));
#2462=DIRECTION('ref_axis',(-1.,-9.34924652315921E-16,0.));
#2463=DIRECTION('',(7.38671340402632E-17,-1.,0.));
#2464=DIRECTION('center_axis',(0.,0.,1.));
#2465=DIRECTION('ref_axis',(1.,0.,0.));
#2466=DIRECTION('center_axis',(-1.,-7.38671340402632E-17,0.));
#2467=DIRECTION('ref_axis',(7.38671340402632E-17,-1.,0.));
#2468=DIRECTION('',(0.,0.,1.));
#2469=DIRECTION('center_axis',(1.,0.,0.));
#2470=DIRECTION('ref_axis',(0.,-1.,0.));
#2471=DIRECTION('center_axis',(0.,0.,-1.));
#2472=DIRECTION('ref_axis',(1.,0.,0.));
#2473=DIRECTION('',(0.,0.,-1.));
#2474=DIRECTION('center_axis',(0.,1.,0.));
#2475=DIRECTION('ref_axis',(1.,0.,0.));
#2476=DIRECTION('',(0.,0.,-1.));
#2477=DIRECTION('center_axis',(0.,0.,-1.));
#2478=DIRECTION('ref_axis',(0.,1.,0.));
#2479=DIRECTION('',(0.,0.,-1.));
#2480=DIRECTION('center_axis',(-1.,3.69335670201316E-17,0.));
#2481=DIRECTION('ref_axis',(3.69335670201316E-17,1.,0.));
#2482=DIRECTION('center_axis',(0.,0.,-1.));
#2483=DIRECTION('ref_axis',(-1.,-9.34924652315921E-16,0.));
#2484=DIRECTION('center_axis',(0.,0.,1.));
#2485=DIRECTION('ref_axis',(1.,0.,0.));
#2486=DIRECTION('',(0.,0.,1.));
#2487=DIRECTION('',(0.,0.,-1.));
#2488=DIRECTION('center_axis',(0.,0.,1.));
#2489=DIRECTION('ref_axis',(0.,-1.,0.));
#2490=DIRECTION('center_axis',(0.,0.,1.));
#2491=DIRECTION('ref_axis',(-0.985202238944161,-0.171395882037502,0.));
#2492=DIRECTION('center_axis',(0.,0.,1.));
#2493=DIRECTION('ref_axis',(1.,0.,0.));
#2494=DIRECTION('center_axis',(0.,0.,1.));
#2495=DIRECTION('ref_axis',(1.,0.,0.));
#2496=DIRECTION('',(0.,0.,1.));
#2497=DIRECTION('center_axis',(0.,0.,1.));
#2498=DIRECTION('ref_axis',(-0.706432613351224,0.707780306870543,0.));
#2499=DIRECTION('',(0.,0.,1.));
#2500=DIRECTION('center_axis',(-1.,-7.38671340402632E-17,0.));
#2501=DIRECTION('ref_axis',(7.38671340402632E-17,-1.,0.));
#2502=DIRECTION('center_axis',(0.,0.,1.));
#2503=DIRECTION('ref_axis',(0.,1.,0.));
#2504=DIRECTION('',(0.,0.,1.));
#2505=DIRECTION('center_axis',(1.81002327226437E-16,1.,0.));
#2506=DIRECTION('ref_axis',(-1.,1.81002327226437E-16,0.));
#2507=DIRECTION('center_axis',(1.,0.,0.));
#2508=DIRECTION('ref_axis',(0.,1.,0.));
#2509=DIRECTION('center_axis',(-1.,0.,0.));
#2510=DIRECTION('ref_axis',(0.,-1.,0.));
#2511=DIRECTION('',(0.,0.,1.));
#2512=DIRECTION('',(0.,1.,0.));
#2513=DIRECTION('',(0.,0.,1.));
#2514=DIRECTION('center_axis',(0.,-1.,0.));
#2515=DIRECTION('ref_axis',(1.,0.,0.));
#2516=DIRECTION('',(0.,0.,1.));
#2517=DIRECTION('',(-1.,0.,0.));
#2518=DIRECTION('center_axis',(0.,0.,1.));
#2519=DIRECTION('ref_axis',(-1.,0.,0.));
#2520=DIRECTION('center_axis',(0.,0.,1.));
#2521=DIRECTION('ref_axis',(-1.,0.,0.));
#2522=DIRECTION('center_axis',(1.,-1.05735526154777E-16,0.));
#2523=DIRECTION('ref_axis',(1.05735526154777E-16,1.,0.));
#2524=DIRECTION('',(0.,0.,-1.));
#2525=DIRECTION('',(0.,0.,1.));
#2526=DIRECTION('',(-1.05735526154777E-16,-1.,0.));
#2527=DIRECTION('center_axis',(0.,0.,1.));
#2528=DIRECTION('ref_axis',(7.40148683083436E-16,-1.,0.));
#2529=DIRECTION('center_axis',(0.,0.,1.));
#2530=DIRECTION('ref_axis',(7.40148683083436E-16,-1.,0.));
#2531=DIRECTION('center_axis',(0.,0.,1.));
#2532=DIRECTION('ref_axis',(0.,-1.,0.));
#2533=DIRECTION('center_axis',(0.,0.,1.));
#2534=DIRECTION('ref_axis',(0.,-1.,0.));
#2535=DIRECTION('',(0.,0.,1.));
#2536=DIRECTION('center_axis',(0.,0.,1.));
#2537=DIRECTION('ref_axis',(1.,0.,0.));
#2538=DIRECTION('center_axis',(0.,0.,1.));
#2539=DIRECTION('ref_axis',(-1.,0.,0.));
#2540=DIRECTION('',(1.85037170770859E-16,1.,0.));
#2541=DIRECTION('center_axis',(0.,0.,1.));
#2542=DIRECTION('ref_axis',(0.,1.,0.));
#2543=DIRECTION('',(1.,1.11022302462516E-16,0.));
#2544=DIRECTION('center_axis',(0.,0.,1.));
#2545=DIRECTION('ref_axis',(1.,0.,0.));
#2546=DIRECTION('',(-1.85037170770859E-16,-1.,0.));
#2547=DIRECTION('center_axis',(0.,0.,1.));
#2548=DIRECTION('ref_axis',(-1.,0.,0.));
#2549=DIRECTION('',(0.,0.,1.));
#2550=DIRECTION('center_axis',(-1.,1.85037170770859E-16,0.));
#2551=DIRECTION('ref_axis',(-1.85037170770859E-16,-1.,0.));
#2552=DIRECTION('',(0.,0.,1.));
#2553=DIRECTION('center_axis',(0.,0.,1.));
#2554=DIRECTION('ref_axis',(0.,1.,0.));
#2555=DIRECTION('',(0.,0.,1.));
#2556=DIRECTION('center_axis',(-1.11022302462516E-16,1.,0.));
#2557=DIRECTION('ref_axis',(-1.,-1.11022302462516E-16,0.));
#2558=DIRECTION('',(0.,0.,1.));
#2559=DIRECTION('center_axis',(0.,0.,1.));
#2560=DIRECTION('ref_axis',(1.,0.,0.));
#2561=DIRECTION('',(0.,0.,1.));
#2562=DIRECTION('center_axis',(1.,-1.85037170770859E-16,0.));
#2563=DIRECTION('ref_axis',(1.85037170770859E-16,1.,0.));
#2564=CARTESIAN_POINT('',(0.,0.,0.));
#2565=CARTESIAN_POINT('Origin',(37.,-62.,7.71));
#2566=CARTESIAN_POINT('',(35.3,-62.,7.71));
#2567=CARTESIAN_POINT('Origin',(37.,-62.,7.71));
#2568=CARTESIAN_POINT('',(35.3,-62.,-2.9));
#2569=CARTESIAN_POINT('',(35.3,-62.,7.71));
#2570=CARTESIAN_POINT('Origin',(37.,-62.,-2.9));
#2571=CARTESIAN_POINT('Origin',(-37.,-62.,7.71));
#2572=CARTESIAN_POINT('',(-38.7,-62.,7.71));
#2573=CARTESIAN_POINT('Origin',(-37.,-62.,7.71));
#2574=CARTESIAN_POINT('',(-38.7,-62.,-2.9));
#2575=CARTESIAN_POINT('',(-38.7,-62.,7.71));
#2576=CARTESIAN_POINT('Origin',(-37.,-62.,-2.9));
#2577=CARTESIAN_POINT('Origin',(40.,62.,7.71));
#2578=CARTESIAN_POINT('',(38.3,62.,7.71));
#2579=CARTESIAN_POINT('Origin',(40.,62.,7.71));
#2580=CARTESIAN_POINT('',(38.3,62.,-2.9));
#2581=CARTESIAN_POINT('',(38.3,62.,7.71));
#2582=CARTESIAN_POINT('Origin',(40.,62.,-2.9));
#2583=CARTESIAN_POINT('Origin',(-40.,62.,7.71));
#2584=CARTESIAN_POINT('',(-41.7,62.,7.71));
#2585=CARTESIAN_POINT('Origin',(-40.,62.,7.71));
#2586=CARTESIAN_POINT('',(-41.7,62.,-2.9));
#2587=CARTESIAN_POINT('',(-41.7,62.,7.71));
#2588=CARTESIAN_POINT('Origin',(-40.,62.,-2.9));
#2589=CARTESIAN_POINT('Origin',(-8.,-60.0019208202767,4.));
#2590=CARTESIAN_POINT('',(-8.,-60.0019208202767,-0.5));
#2591=CARTESIAN_POINT('',(8.,-60.0019208202767,-0.5));
#2592=CARTESIAN_POINT('',(-4.,-60.0019208202767,-0.5));
#2593=CARTESIAN_POINT('',(-8.,-60.0019208202767,-2.9));
#2594=CARTESIAN_POINT('',(-8.,-60.0019208202767,4.));
#2595=CARTESIAN_POINT('',(8.,-60.0019208202767,-2.9));
#2596=CARTESIAN_POINT('',(-4.,-60.0019208202767,-2.9));
#2597=CARTESIAN_POINT('',(8.,-60.0019208202767,4.));
#2598=CARTESIAN_POINT('Origin',(-8.,-150.001920820277,4.));
#2599=CARTESIAN_POINT('',(-8.,-90.4481024630329,-68.4703320513664));
#2600=CARTESIAN_POINT('',(-8.,-105.852147066956,4.));
#2601=CARTESIAN_POINT('',(-8.,-108.46038797305,16.2708086995835));
#2602=CARTESIAN_POINT('',(-8.,-86.5355120600976,-67.6386852880954));
#2603=CARTESIAN_POINT('',(-8.,-111.568752218437,-72.9596647436118));
#2604=CARTESIAN_POINT('',(-8.,-101.762784687496,4.));
#2605=CARTESIAN_POINT('',(-8.,-95.1917714833158,-26.9141865701667));
#2606=CARTESIAN_POINT('',(-8.,-60.0019208202767,4.));
#2607=CARTESIAN_POINT('Origin',(8.,-60.0019208202767,4.));
#2608=CARTESIAN_POINT('',(8.,-105.852147066956,4.));
#2609=CARTESIAN_POINT('',(8.00000000000001,-90.4481024630329,-68.4703320513664));
#2610=CARTESIAN_POINT('',(8.00000000000001,-106.515160770009,7.11923423037797));
#2611=CARTESIAN_POINT('',(8.,-101.762784687496,4.));
#2612=CARTESIAN_POINT('',(8.,-150.001920820277,4.));
#2613=CARTESIAN_POINT('',(8.00000000000001,-86.5355120600976,-67.6386852880954));
#2614=CARTESIAN_POINT('',(8.00000000000001,-93.2465442802743,-36.0657610393722));
#2615=CARTESIAN_POINT('',(8.00000000000001,-68.5139794214781,-63.8080902744063));
#2616=CARTESIAN_POINT('Origin',(8.,-60.0019208202767,4.));
#2617=CARTESIAN_POINT('',(8.,-66.,-0.5));
#2618=CARTESIAN_POINT('',(8.,-30.0009604101383,-0.5));
#2619=CARTESIAN_POINT('',(8.,-66.,-2.9));
#2620=CARTESIAN_POINT('',(8.,-8.00096041013834,-2.9));
#2621=CARTESIAN_POINT('',(8.,-66.,5.855));
#2622=CARTESIAN_POINT('Origin',(2.22044604925031E-15,-105.001920820277,
4.));
#2623=CARTESIAN_POINT('',(-25.,-105.852147066956,4.));
#2624=CARTESIAN_POINT('',(-25.,-101.762784687496,4.));
#2625=CARTESIAN_POINT('Origin',(-8.,-150.001920820277,4.));
#2626=CARTESIAN_POINT('',(-8.,-66.,-0.5));
#2627=CARTESIAN_POINT('',(-8.,-75.0009604101383,-0.5));
#2628=CARTESIAN_POINT('',(-8.,-66.,-2.9));
#2629=CARTESIAN_POINT('',(-8.,-66.,5.855));
#2630=CARTESIAN_POINT('',(-8.,-53.0009604101383,-2.9));
#2631=CARTESIAN_POINT('Origin',(-4.44089209850063E-15,0.,-0.5));
#2632=CARTESIAN_POINT('',(27.,-66.,-0.5));
#2633=CARTESIAN_POINT('',(-13.5,-66.,-0.5));
#2634=CARTESIAN_POINT('',(27.,-69.2946266954029,-0.5));
#2635=CARTESIAN_POINT('',(27.,-33.,-0.5));
#2636=CARTESIAN_POINT('',(34.035,-60.12,-0.5));
#2637=CARTESIAN_POINT('Origin',(24.535,-60.12,-0.5));
#2638=CARTESIAN_POINT('',(34.035,10.,-0.5));
#2639=CARTESIAN_POINT('',(34.035,60.12,-0.5));
#2640=CARTESIAN_POINT('',(36.435,10.,-0.5));
#2641=CARTESIAN_POINT('',(30.435,10.,-0.5));
#2642=CARTESIAN_POINT('',(36.435,-58.0401041680367,-0.5));
#2643=CARTESIAN_POINT('',(36.435,-8.06,-0.5));
#2644=CARTESIAN_POINT('',(41.,-62.,-0.5));
#2645=CARTESIAN_POINT('Origin',(37.,-62.,-0.5));
#2646=CARTESIAN_POINT('',(41.,14.0839202169004,-0.5));
#2647=CARTESIAN_POINT('',(41.,16.,-0.5));
#2648=CARTESIAN_POINT('',(46.,20.,-0.5));
#2649=CARTESIAN_POINT('Origin',(40.,20.,-0.5));
#2650=CARTESIAN_POINT('',(46.,68.,-0.5));
#2651=CARTESIAN_POINT('',(46.,68.,-0.5));
#2652=CARTESIAN_POINT('',(40.,74.,-0.5));
#2653=CARTESIAN_POINT('Origin',(40.,68.,-0.5));
#2654=CARTESIAN_POINT('',(-40.,74.,-0.5));
#2655=CARTESIAN_POINT('',(-40.,74.,-0.5));
#2656=CARTESIAN_POINT('',(-46.,68.,-0.5));
#2657=CARTESIAN_POINT('Origin',(-40.,68.,-0.5));
#2658=CARTESIAN_POINT('',(-46.,20.,-0.5));
#2659=CARTESIAN_POINT('',(-46.,20.,-0.5));
#2660=CARTESIAN_POINT('',(-41.,14.0839202169004,-0.5));
#2661=CARTESIAN_POINT('Origin',(-40.,20.,-0.5));
#2662=CARTESIAN_POINT('',(-41.,-62.,-0.5));
#2663=CARTESIAN_POINT('',(-41.,-68.,-0.5));
#2664=CARTESIAN_POINT('',(-36.435,-58.0401041680367,-0.5));
#2665=CARTESIAN_POINT('Origin',(-37.,-62.,-0.5));
#2666=CARTESIAN_POINT('',(-36.435,10.,-0.5));
#2667=CARTESIAN_POINT('',(-36.435,52.06,-0.5));
#2668=CARTESIAN_POINT('',(-34.035,10.,-0.5));
#2669=CARTESIAN_POINT('',(-42.435,10.,-0.5));
#2670=CARTESIAN_POINT('',(-34.035,-60.12,-0.5));
#2671=CARTESIAN_POINT('',(-34.035,-60.12,-0.5));
#2672=CARTESIAN_POINT('',(-27.,-69.2946266954029,-0.5));
#2673=CARTESIAN_POINT('Origin',(-24.535,-60.12,-0.5));
#2674=CARTESIAN_POINT('',(-27.,-66.,-0.5));
#2675=CARTESIAN_POINT('',(-27.,-41.,-0.5));
#2676=CARTESIAN_POINT('',(-13.5,-66.,-0.5));
#2677=CARTESIAN_POINT('',(20.,20.,-0.5));
#2678=CARTESIAN_POINT('',(20.,-34.,-0.5));
#2679=CARTESIAN_POINT('',(20.,10.,-0.5));
#2680=CARTESIAN_POINT('',(16.,-38.,-0.5));
#2681=CARTESIAN_POINT('Origin',(16.,-34.,-0.5));
#2682=CARTESIAN_POINT('',(-16.,-38.,-0.5));
#2683=CARTESIAN_POINT('',(8.,-38.,-0.5));
#2684=CARTESIAN_POINT('',(-20.,-34.,-0.5));
#2685=CARTESIAN_POINT('Origin',(-16.,-34.,-0.5));
#2686=CARTESIAN_POINT('',(-20.,20.,-0.5));
#2687=CARTESIAN_POINT('',(-20.,-17.,-0.5));
#2688=CARTESIAN_POINT('',(-16.,24.,-0.5));
#2689=CARTESIAN_POINT('Origin',(-16.,20.,-0.5));
#2690=CARTESIAN_POINT('',(16.,24.,-0.5));
#2691=CARTESIAN_POINT('',(-8.,24.,-0.5));
#2692=CARTESIAN_POINT('Origin',(16.,20.,-0.5));
#2693=CARTESIAN_POINT('',(-5.,61.5,-0.5));
#2694=CARTESIAN_POINT('',(-5.,47.5,-0.5));
#2695=CARTESIAN_POINT('',(-4.99999999999999,30.75,-0.5));
#2696=CARTESIAN_POINT('',(-7.,45.5,-0.5));
#2697=CARTESIAN_POINT('Origin',(-7.,47.5,-0.5));
#2698=CARTESIAN_POINT('',(-29.,45.5,-0.5));
#2699=CARTESIAN_POINT('',(-3.5,45.5,-0.5));
#2700=CARTESIAN_POINT('',(-31.,47.5,-0.5));
#2701=CARTESIAN_POINT('Origin',(-29.,47.5,-0.5));
#2702=CARTESIAN_POINT('',(-31.,61.5,-0.5));
#2703=CARTESIAN_POINT('',(-31.,23.75,-0.5));
#2704=CARTESIAN_POINT('',(-29.,63.5,-0.5));
#2705=CARTESIAN_POINT('Origin',(-29.,61.5,-0.5));
#2706=CARTESIAN_POINT('',(-7.,63.5,-0.5));
#2707=CARTESIAN_POINT('',(-14.5,63.5,-0.5));
#2708=CARTESIAN_POINT('Origin',(-7.,61.5,-0.5));
#2709=CARTESIAN_POINT('',(34.035,60.12,-0.5));
#2710=CARTESIAN_POINT('',(34.035,58.,-0.5));
#2711=CARTESIAN_POINT('',(34.035,60.12,-0.5));
#2712=CARTESIAN_POINT('',(24.535,69.62,-0.5));
#2713=CARTESIAN_POINT('Origin',(24.535,60.12,-0.5));
#2714=CARTESIAN_POINT('',(-24.535,69.62,-0.5));
#2715=CARTESIAN_POINT('',(-24.535,69.62,-0.5));
#2716=CARTESIAN_POINT('',(-34.035,60.12,-0.5));
#2717=CARTESIAN_POINT('Origin',(-24.535,60.12,-0.5));
#2718=CARTESIAN_POINT('',(-34.035,58.,-0.5));
#2719=CARTESIAN_POINT('',(-34.035,-60.12,-0.5));
#2720=CARTESIAN_POINT('',(-36.435,58.,-0.5));
#2721=CARTESIAN_POINT('',(-30.435,58.,-0.5));
#2722=CARTESIAN_POINT('',(-36.435,58.4941798391817,-0.5));
#2723=CARTESIAN_POINT('',(-36.435,52.06,-0.5));
#2724=CARTESIAN_POINT('',(-37.,58.,-0.499999999999999));
#2725=CARTESIAN_POINT('Origin',(-40.,62.,-0.5));
#2726=CARTESIAN_POINT('',(-42.435,58.,-0.5));
#2727=CARTESIAN_POINT('',(-30.435,58.,-0.5));
#2728=CARTESIAN_POINT('',(-42.435,57.6329901534345,-0.499999999999999));
#2729=CARTESIAN_POINT('',(-42.435,58.,-0.5));
#2730=CARTESIAN_POINT('',(-35.628357156332,64.426672381556,-0.5));
#2731=CARTESIAN_POINT('Origin',(-40.,62.,-0.5));
#2732=CARTESIAN_POINT('',(-24.535,72.02,-0.5));
#2733=CARTESIAN_POINT('Origin',(-24.535,60.12,-0.5));
#2734=CARTESIAN_POINT('',(24.535,72.02,-0.5));
#2735=CARTESIAN_POINT('',(12.2675,72.02,-0.5));
#2736=CARTESIAN_POINT('',(35.628357156332,64.426672381556,-0.5));
#2737=CARTESIAN_POINT('Origin',(24.535,60.12,-0.5));
#2738=CARTESIAN_POINT('',(42.435,57.6329901534345,-0.499999999999999));
#2739=CARTESIAN_POINT('Origin',(40.,62.,-0.5));
#2740=CARTESIAN_POINT('',(42.435,58.,-0.5));
#2741=CARTESIAN_POINT('',(42.435,10.,-0.5));
#2742=CARTESIAN_POINT('',(37.,58.,-0.499999999999999));
#2743=CARTESIAN_POINT('',(42.435,58.,-0.5));
#2744=CARTESIAN_POINT('',(36.435,58.4941798391817,-0.5));
#2745=CARTESIAN_POINT('Origin',(40.,62.,-0.5));
#2746=CARTESIAN_POINT('',(36.435,58.,-0.5));
#2747=CARTESIAN_POINT('',(36.435,-8.06,-0.5));
#2748=CARTESIAN_POINT('',(42.435,58.,-0.5));
#2749=CARTESIAN_POINT('Origin',(-27.,-66.,7.71));
#2750=CARTESIAN_POINT('',(27.,-66.,-2.9));
#2751=CARTESIAN_POINT('',(-13.5,-66.,-2.9));
#2752=CARTESIAN_POINT('',(27.,-66.,7.71));
#2753=CARTESIAN_POINT('Origin',(-50.,-109.160154636631,19.5629520146761));
#2754=CARTESIAN_POINT('',(50.,-90.4481024630329,-68.4703320513664));
#2755=CARTESIAN_POINT('',(-50.,-90.4481024630329,-68.4703320513664));
#2756=CARTESIAN_POINT('',(50.,-109.160154636631,19.5629520146761));
#2757=CARTESIAN_POINT('',(50.,-109.160154636631,19.5629520146761));
#2758=CARTESIAN_POINT('',(-50.,-109.160154636631,19.5629520146761));
#2759=CARTESIAN_POINT('',(-50.,-109.160154636631,19.5629520146761));
#2760=CARTESIAN_POINT('',(-50.,-90.4481024630329,-68.4703320513664));
#2761=CARTESIAN_POINT('',(-50.,-109.160154636631,19.5629520146761));
#2762=CARTESIAN_POINT('',(-50.,-90.4481024630329,-68.4703320513664));
#2763=CARTESIAN_POINT('Origin',(-50.,-90.4481024630329,-68.4703320513664));
#2764=CARTESIAN_POINT('',(50.,-86.5355120600976,-67.6386852880954));
#2765=CARTESIAN_POINT('',(-50.,-86.5355120600976,-67.6386852880954));
#2766=CARTESIAN_POINT('',(50.,-90.4481024630329,-68.4703320513664));
#2767=CARTESIAN_POINT('Origin',(-50.,-86.5355120600976,-67.6386852880954));
#2768=CARTESIAN_POINT('',(-50.,-86.5355120600976,-67.6386852880954));
#2769=CARTESIAN_POINT('',(-50.,-86.5355120600976,-67.6386852880954));
#2770=CARTESIAN_POINT('',(-50.,-105.247564233696,20.3945987779472));
#2771=CARTESIAN_POINT('',(-50.,-86.5355120600976,-67.6386852880954));
#2772=CARTESIAN_POINT('',(50.,-105.247564233696,20.3945987779472));
#2773=CARTESIAN_POINT('',(-50.,-105.247564233696,20.3945987779472));
#2774=CARTESIAN_POINT('',(50.,-86.5355120600976,-67.6386852880954));
#2775=CARTESIAN_POINT('',(31.,-87.2307875814715,-64.3676711358565));
#2776=CARTESIAN_POINT('',(27.,-87.2307875814715,-64.3676711358565));
#2777=CARTESIAN_POINT('',(-11.5,-87.2307875814715,-64.3676711358565));
#2778=CARTESIAN_POINT('',(31.,-100.806280159981,-0.5));
#2779=CARTESIAN_POINT('',(31.,-89.3279142029923,-54.5014660888608));
#2780=CARTESIAN_POINT('',(27.,-100.806280159981,-0.5));
#2781=CARTESIAN_POINT('',(-25.,-100.806280159981,-0.499999999999998));
#2782=CARTESIAN_POINT('',(27.,-93.7534328143537,-33.6810379797929));
#2783=CARTESIAN_POINT('',(-31.,-87.2307875814715,-64.3676711358565));
#2784=CARTESIAN_POINT('',(-31.,-100.806280159981,-0.5));
#2785=CARTESIAN_POINT('',(-31.,-89.3279142029923,-54.5014660888608));
#2786=CARTESIAN_POINT('',(-27.,-87.2307875814715,-64.3676711358565));
#2787=CARTESIAN_POINT('',(-40.5,-87.2307875814715,-64.3676711358565));
#2788=CARTESIAN_POINT('',(-27.,-100.806280159981,-0.5));
#2789=CARTESIAN_POINT('',(-27.,-94.0992509837833,-32.0540914074897));
#2790=CARTESIAN_POINT('',(-25.,-100.806280159981,-0.499999999999998));
#2791=CARTESIAN_POINT('Origin',(-50.,-90.4481024630329,-68.4703320513664));
#2792=CARTESIAN_POINT('',(-50.,-90.4481024630329,-68.4703320513664));
#2793=CARTESIAN_POINT('Origin',(-50.,-105.247564233696,20.3945987779472));
#2794=CARTESIAN_POINT('',(-50.,-105.247564233696,20.3945987779472));
#2795=CARTESIAN_POINT('',(50.,-105.247564233696,20.3945987779472));
#2796=CARTESIAN_POINT('Origin',(50.,-97.8478333483644,-24.0378666367096));
#2797=CARTESIAN_POINT('Origin',(-50.,-97.8478333483644,-24.0378666367096));
#2798=CARTESIAN_POINT('Origin',(0.,44.,-0.5));
#2799=CARTESIAN_POINT('',(31.,-74.,-0.5));
#2800=CARTESIAN_POINT('',(31.,0.,-0.5));
#2801=CARTESIAN_POINT('',(35.,-74.,-0.5));
#2802=CARTESIAN_POINT('',(35.,-74.,-0.5));
#2803=CARTESIAN_POINT('',(41.,-68.,-0.5));
#2804=CARTESIAN_POINT('Origin',(35.,-68.,-0.5));
#2805=CARTESIAN_POINT('',(41.,16.,-0.5));
#2806=CARTESIAN_POINT('',(35.1308625939213,-65.5364283333891,-0.5));
#2807=CARTESIAN_POINT('Origin',(37.,-62.,-0.5));
#2808=CARTESIAN_POINT('',(27.,-71.7618973969023,-0.499999999999999));
#2809=CARTESIAN_POINT('Origin',(24.535,-60.12,-0.5));
#2810=CARTESIAN_POINT('',(27.,0.,-0.5));
#2811=CARTESIAN_POINT('Origin',(31.,-50.5531400799904,-32.5288708242156));
#2812=CARTESIAN_POINT('',(31.,-3.27793211294967,-2.9));
#2813=CARTESIAN_POINT('',(31.,-87.4903868468438,-64.5577416484312));
#2814=CARTESIAN_POINT('',(31.,-74.,-2.9));
#2815=CARTESIAN_POINT('',(31.,-3.27657003999521,-2.9));
#2816=CARTESIAN_POINT('',(31.,-74.,-17.7144354121078));
#2817=CARTESIAN_POINT('Origin',(-27.,-82.,7.71));
#2818=CARTESIAN_POINT('',(-27.,-3.27793211294967,-2.9));
#2819=CARTESIAN_POINT('',(-27.,-87.4903868468438,-64.5577416484312));
#2820=CARTESIAN_POINT('',(-27.,-66.,-2.9));
#2821=CARTESIAN_POINT('',(-27.,-3.27657003999521,-2.9));
#2822=CARTESIAN_POINT('',(-27.,-66.,7.71));
#2823=CARTESIAN_POINT('',(-27.,-69.2946266954029,7.71));
#2824=CARTESIAN_POINT('',(-27.,-69.2946266954029,7.71));
#2825=CARTESIAN_POINT('',(-27.,-71.7618973969023,7.71));
#2826=CARTESIAN_POINT('',(-27.,-41.,7.71));
#2827=CARTESIAN_POINT('',(-27.,-71.7618973969023,-0.499999999999999));
#2828=CARTESIAN_POINT('',(-27.,-71.7618973969023,-0.5));
#2829=CARTESIAN_POINT('',(-27.,-19.,-0.5));
#2830=CARTESIAN_POINT('Origin',(-31.,-87.4903868468438,-64.5577416484312));
#2831=CARTESIAN_POINT('',(-31.,-3.27793211294967,-2.9));
#2832=CARTESIAN_POINT('',(-31.,-87.4903868468438,-64.5577416484312));
#2833=CARTESIAN_POINT('',(-15.5,-3.27793211294969,-2.9));
#2834=CARTESIAN_POINT('Origin',(27.,-87.4903868468438,-64.5577416484312));
#2835=CARTESIAN_POINT('',(27.,-3.27793211294967,-2.9));
#2836=CARTESIAN_POINT('',(27.,-87.4903868468438,-64.5577416484312));
#2837=CARTESIAN_POINT('',(13.5,-3.27793211294969,-2.9));
#2838=CARTESIAN_POINT('Origin',(-35.,-74.,-2.9));
#2839=CARTESIAN_POINT('',(35.,-74.,-2.9));
#2840=CARTESIAN_POINT('',(35.,-74.,-2.9));
#2841=CARTESIAN_POINT('',(35.,-74.,-2.9));
#2842=CARTESIAN_POINT('Origin',(-31.,-50.5531400799904,-32.5288708242156));
#2843=CARTESIAN_POINT('',(-31.,-74.,-0.5));
#2844=CARTESIAN_POINT('',(-31.,0.,-0.5));
#2845=CARTESIAN_POINT('',(-31.,-74.,-2.9));
#2846=CARTESIAN_POINT('',(-31.,-74.,-17.7144354121078));
#2847=CARTESIAN_POINT('',(-31.,-3.27657003999521,-2.9));
#2848=CARTESIAN_POINT('Origin',(-20.,-34.,7.71));
#2849=CARTESIAN_POINT('',(-20.,-34.,-2.9));
#2850=CARTESIAN_POINT('',(-20.,-34.,7.71));
#2851=CARTESIAN_POINT('',(-20.,20.,-2.9));
#2852=CARTESIAN_POINT('',(-20.,5.,-2.9));
#2853=CARTESIAN_POINT('',(-20.,20.,7.71));
#2854=CARTESIAN_POINT('Origin',(-16.,20.,7.71));
#2855=CARTESIAN_POINT('',(-16.,24.,-2.9));
#2856=CARTESIAN_POINT('Origin',(-16.,20.,-2.9));
#2857=CARTESIAN_POINT('',(-16.,24.,7.71));
#2858=CARTESIAN_POINT('Origin',(-16.,24.,7.71));
#2859=CARTESIAN_POINT('',(16.,24.,-2.9));
#2860=CARTESIAN_POINT('',(-8.,24.,-2.9));
#2861=CARTESIAN_POINT('',(16.,24.,7.71));
#2862=CARTESIAN_POINT('Origin',(16.,20.,7.71));
#2863=CARTESIAN_POINT('',(20.,20.,-2.9));
#2864=CARTESIAN_POINT('Origin',(16.,20.,-2.9));
#2865=CARTESIAN_POINT('',(20.,20.,7.71));
#2866=CARTESIAN_POINT('Origin',(20.,20.,7.71));
#2867=CARTESIAN_POINT('',(20.,-34.,-2.9));
#2868=CARTESIAN_POINT('',(20.,32.,-2.9));
#2869=CARTESIAN_POINT('',(20.,-34.,7.71));
#2870=CARTESIAN_POINT('Origin',(-16.,-34.,7.71));
#2871=CARTESIAN_POINT('',(-16.,-38.,-2.9));
#2872=CARTESIAN_POINT('',(-16.,-38.,7.71));
#2873=CARTESIAN_POINT('Origin',(-16.,-34.,-2.9));
#2874=CARTESIAN_POINT('Origin',(16.,-38.,7.71));
#2875=CARTESIAN_POINT('',(16.,-38.,-2.9));
#2876=CARTESIAN_POINT('',(16.,-38.,7.71));
#2877=CARTESIAN_POINT('',(8.,-38.,-2.9));
#2878=CARTESIAN_POINT('Origin',(16.,-34.,7.71));
#2879=CARTESIAN_POINT('Origin',(16.,-34.,-2.9));
#2880=CARTESIAN_POINT('Origin',(-31.,47.5,7.71));
#2881=CARTESIAN_POINT('',(-31.,47.5,-2.9));
#2882=CARTESIAN_POINT('',(-31.,47.5,7.71));
#2883=CARTESIAN_POINT('',(-31.,61.5,-2.9));
#2884=CARTESIAN_POINT('',(-31.,45.75,-2.9));
#2885=CARTESIAN_POINT('',(-31.,61.5,7.71));
#2886=CARTESIAN_POINT('Origin',(-29.,61.5,7.71));
#2887=CARTESIAN_POINT('',(-29.,63.5,-2.9));
#2888=CARTESIAN_POINT('Origin',(-29.,61.5,-2.9));
#2889=CARTESIAN_POINT('',(-29.,63.5,7.71));
#2890=CARTESIAN_POINT('Origin',(-29.,63.5,7.71));
#2891=CARTESIAN_POINT('',(-7.,63.5,-2.9));
#2892=CARTESIAN_POINT('',(-14.5,63.5,-2.9));
#2893=CARTESIAN_POINT('',(-7.,63.5,7.71));
#2894=CARTESIAN_POINT('Origin',(-7.,61.5,7.71));
#2895=CARTESIAN_POINT('',(-5.,61.5,-2.9));
#2896=CARTESIAN_POINT('Origin',(-7.,61.5,-2.9));
#2897=CARTESIAN_POINT('',(-5.,61.5,7.71));
#2898=CARTESIAN_POINT('Origin',(-5.,61.5,7.71));
#2899=CARTESIAN_POINT('',(-5.,47.5,-2.9));
#2900=CARTESIAN_POINT('',(-5.,52.75,-2.9));
#2901=CARTESIAN_POINT('',(-5.,47.5,7.71));
#2902=CARTESIAN_POINT('Origin',(-29.,47.5,7.71));
#2903=CARTESIAN_POINT('',(-29.,45.5,-2.9));
#2904=CARTESIAN_POINT('',(-29.,45.5,7.71));
#2905=CARTESIAN_POINT('Origin',(-29.,47.5,-2.9));
#2906=CARTESIAN_POINT('Origin',(-7.,45.5,7.71));
#2907=CARTESIAN_POINT('',(-7.,45.5,-2.9));
#2908=CARTESIAN_POINT('',(-7.,45.5,7.71));
#2909=CARTESIAN_POINT('',(-3.5,45.5,-2.9));
#2910=CARTESIAN_POINT('Origin',(-7.,47.5,7.71));
#2911=CARTESIAN_POINT('Origin',(-7.,47.5,-2.9));
#2912=CARTESIAN_POINT('Origin',(-27.,-66.,7.71));
#2913=CARTESIAN_POINT('',(-13.5,-66.,-2.9));
#2914=CARTESIAN_POINT('Origin',(27.,-66.,7.71));
#2915=CARTESIAN_POINT('',(27.,-71.7618973969023,7.71));
#2916=CARTESIAN_POINT('',(27.,-71.7618973969023,-0.5));
#2917=CARTESIAN_POINT('',(27.,-69.2946266954029,7.71));
#2918=CARTESIAN_POINT('',(27.,-33.,7.71));
#2919=CARTESIAN_POINT('',(27.,-69.2946266954029,7.71));
#2920=CARTESIAN_POINT('',(27.,-3.27657003999521,-2.9));
#2921=CARTESIAN_POINT('Origin',(-24.535,-60.12,-0.5));
#2922=CARTESIAN_POINT('',(-35.1308625939213,-65.5364283333891,7.71));
#2923=CARTESIAN_POINT('Origin',(-24.535,-60.12,7.71));
#2924=CARTESIAN_POINT('',(-35.1308625939213,-65.5364283333891,-0.5));
#2925=CARTESIAN_POINT('',(-35.1308625939213,-65.5364283333891,-0.5));
#2926=CARTESIAN_POINT('Origin',(-24.535,-60.12,-0.5));
#2927=CARTESIAN_POINT('Origin',(0.,44.,-0.5));
#2928=CARTESIAN_POINT('Origin',(-37.,-62.,-0.5));
#2929=CARTESIAN_POINT('',(-41.,-68.,-0.5));
#2930=CARTESIAN_POINT('',(-41.,-68.,-0.5));
#2931=CARTESIAN_POINT('',(-35.,-74.,-0.5));
#2932=CARTESIAN_POINT('Origin',(-35.,-68.,-0.5));
#2933=CARTESIAN_POINT('',(35.,-74.,-0.5));
#2934=CARTESIAN_POINT('Origin',(24.535,-60.12,7.71));
#2935=CARTESIAN_POINT('',(34.035,-60.12,7.71));
#2936=CARTESIAN_POINT('Origin',(24.535,-60.12,7.71));
#2937=CARTESIAN_POINT('',(34.035,-60.12,7.71));
#2938=CARTESIAN_POINT('Origin',(-4.44089209850063E-15,8.88178419700125E-15,
7.71));
#2939=CARTESIAN_POINT('',(35.1308625939213,-65.5364283333891,7.71));
#2940=CARTESIAN_POINT('Origin',(24.535,-60.12,7.71));
#2941=CARTESIAN_POINT('',(36.435,-58.0401041680367,7.71));
#2942=CARTESIAN_POINT('Origin',(37.,-62.,7.71));
#2943=CARTESIAN_POINT('',(36.435,10.,7.71));
#2944=CARTESIAN_POINT('',(36.435,60.12,7.71));
#2945=CARTESIAN_POINT('',(34.035,10.,7.71));
#2946=CARTESIAN_POINT('',(21.2175,10.,7.71));
#2947=CARTESIAN_POINT('',(34.035,30.06,7.71));
#2948=CARTESIAN_POINT('Origin',(30.435,58.,7.71));
#2949=CARTESIAN_POINT('',(37.,58.,7.71));
#2950=CARTESIAN_POINT('',(37.,58.,-0.5));
#2951=CARTESIAN_POINT('',(42.435,58.,7.71));
#2952=CARTESIAN_POINT('',(42.435,58.,7.71));
#2953=CARTESIAN_POINT('',(15.2175,58.,7.71));
#2954=CARTESIAN_POINT('Origin',(30.435,58.,7.71));
#2955=CARTESIAN_POINT('',(34.035,58.,7.71));
#2956=CARTESIAN_POINT('',(34.035,58.,7.71));
#2957=CARTESIAN_POINT('',(36.435,58.,7.71));
#2958=CARTESIAN_POINT('',(36.435,58.,3.605));
#2959=CARTESIAN_POINT('',(15.2175,58.,7.71));
#2960=CARTESIAN_POINT('Origin',(42.435,58.,7.71));
#2961=CARTESIAN_POINT('',(42.435,57.6329901534345,7.71));
#2962=CARTESIAN_POINT('',(42.435,57.6329901534345,-0.5));
#2963=CARTESIAN_POINT('',(42.435,29.,7.71));
#2964=CARTESIAN_POINT('Origin',(42.435,10.,7.71));
#2965=CARTESIAN_POINT('',(34.035,10.,7.71));
#2966=CARTESIAN_POINT('',(36.435,10.,3.605));
#2967=CARTESIAN_POINT('Origin',(34.035,60.12,7.71));
#2968=CARTESIAN_POINT('',(34.035,60.12,7.71));
#2969=CARTESIAN_POINT('',(34.035,30.06,7.71));
#2970=CARTESIAN_POINT('',(34.035,60.12,7.71));
#2971=CARTESIAN_POINT('Origin',(36.435,-60.12,-0.5));
#2972=CARTESIAN_POINT('',(36.435,58.4941798391817,7.71));
#2973=CARTESIAN_POINT('',(36.435,58.4941798391817,-0.5));
#2974=CARTESIAN_POINT('',(36.435,60.12,7.71));
#2975=CARTESIAN_POINT('Origin',(-4.44089209850063E-15,8.88178419700125E-15,
7.71));
#2976=CARTESIAN_POINT('Origin',(40.,62.,7.71));
#2977=CARTESIAN_POINT('',(35.628357156332,64.426672381556,7.71));
#2978=CARTESIAN_POINT('Origin',(40.,62.,7.71));
#2979=CARTESIAN_POINT('',(24.535,72.02,7.71));
#2980=CARTESIAN_POINT('Origin',(24.535,60.12,7.71));
#2981=CARTESIAN_POINT('',(-24.535,72.02,7.71));
#2982=CARTESIAN_POINT('',(-24.535,72.02,7.71));
#2983=CARTESIAN_POINT('',(-35.628357156332,64.426672381556,7.71));
#2984=CARTESIAN_POINT('Origin',(-24.535,60.12,7.71));
#2985=CARTESIAN_POINT('',(-42.435,57.6329901534345,7.71));
#2986=CARTESIAN_POINT('Origin',(-40.,62.,7.71));
#2987=CARTESIAN_POINT('',(-42.435,58.,7.71));
#2988=CARTESIAN_POINT('',(-42.435,5.,7.71));
#2989=CARTESIAN_POINT('',(-37.,58.,7.71));
#2990=CARTESIAN_POINT('',(-21.2175,58.,7.71));
#2991=CARTESIAN_POINT('',(-36.435,58.4941798391817,7.71));
#2992=CARTESIAN_POINT('Origin',(-40.,62.,7.71));
#2993=CARTESIAN_POINT('',(-36.435,58.,7.71));
#2994=CARTESIAN_POINT('',(-36.435,-60.12,7.71));
#2995=CARTESIAN_POINT('',(-34.035,58.,7.71));
#2996=CARTESIAN_POINT('',(-21.2175,58.,7.71));
#2997=CARTESIAN_POINT('',(-34.035,60.12,7.71));
#2998=CARTESIAN_POINT('',(-34.035,-30.06,7.71));
#2999=CARTESIAN_POINT('',(-24.535,69.62,7.71));
#3000=CARTESIAN_POINT('Origin',(-24.535,60.12,7.71));
#3001=CARTESIAN_POINT('',(24.535,69.62,7.71));
#3002=CARTESIAN_POINT('',(-12.2675,69.62,7.71));
#3003=CARTESIAN_POINT('Origin',(24.535,60.12,7.71));
#3004=CARTESIAN_POINT('Origin',(40.,62.,-0.5));
#3005=CARTESIAN_POINT('',(35.628357156332,64.426672381556,-0.5));
#3006=CARTESIAN_POINT('Origin',(-42.435,58.,7.71));
#3007=CARTESIAN_POINT('',(-37.,58.,-0.5));
#3008=CARTESIAN_POINT('',(-42.435,58.,7.71));
#3009=CARTESIAN_POINT('Origin',(-30.435,10.,7.71));
#3010=CARTESIAN_POINT('',(-34.035,10.,7.71));
#3011=CARTESIAN_POINT('',(-34.035,10.,7.71));
#3012=CARTESIAN_POINT('',(-36.435,10.,7.71));
#3013=CARTESIAN_POINT('',(-36.435,10.,3.605));
#3014=CARTESIAN_POINT('',(-15.2175,10.,7.71));
#3015=CARTESIAN_POINT('Origin',(-42.435,58.,7.71));
#3016=CARTESIAN_POINT('',(-34.035,58.,7.71));
#3017=CARTESIAN_POINT('',(-36.435,58.,3.605));
#3018=CARTESIAN_POINT('Origin',(-42.435,10.,7.71));
#3019=CARTESIAN_POINT('',(-42.435,57.6329901534345,-0.5));
#3020=CARTESIAN_POINT('Origin',(-40.,62.,-0.5));
#3021=CARTESIAN_POINT('',(-36.435,58.4941798391817,-0.5));
#3022=CARTESIAN_POINT('Origin',(-34.035,-60.12,7.71));
#3023=CARTESIAN_POINT('',(-34.035,-60.12,7.71));
#3024=CARTESIAN_POINT('',(-34.035,-30.06,7.71));
#3025=CARTESIAN_POINT('',(-34.035,-60.12,7.71));
#3026=CARTESIAN_POINT('Origin',(-4.44089209850063E-15,8.88178419700125E-15,
7.71));
#3027=CARTESIAN_POINT('Origin',(-24.535,-60.12,7.71));
#3028=CARTESIAN_POINT('',(-36.435,-58.0401041680367,7.71));
#3029=CARTESIAN_POINT('',(-36.435,-60.12,7.71));
#3030=CARTESIAN_POINT('Origin',(-37.,-62.,7.71));
#3031=CARTESIAN_POINT('Origin',(-36.435,60.12,-0.5));
#3032=CARTESIAN_POINT('',(-36.435,-58.0401041680367,-0.5));
#3033=CARTESIAN_POINT('Origin',(34.035,60.12,7.71));
#3034=CARTESIAN_POINT('Origin',(24.535,60.12,7.71));
#3035=CARTESIAN_POINT('',(24.535,69.62,7.71));
#3036=CARTESIAN_POINT('Origin',(-24.535,69.62,7.71));
#3037=CARTESIAN_POINT('',(-24.535,69.62,7.71));
#3038=CARTESIAN_POINT('Origin',(-24.535,60.12,7.71));
#3039=CARTESIAN_POINT('',(-34.035,60.12,7.71));
#3040=CARTESIAN_POINT('Origin',(-34.035,-60.12,7.71));
#3041=CARTESIAN_POINT('Origin',(-24.535,-60.12,7.71));
#3042=CARTESIAN_POINT('Origin',(37.,-62.,-0.5));
#3043=CARTESIAN_POINT('',(35.1308625939213,-65.5364283333891,-0.5));
#3044=CARTESIAN_POINT('',(36.435,-58.0401041680367,-0.5));
#3045=CARTESIAN_POINT('Origin',(24.535,-60.12,-0.5));
#3046=CARTESIAN_POINT('Origin',(-37.,-62.,-0.5));
#3047=CARTESIAN_POINT('Origin',(40.,62.,-0.5));
#3048=CARTESIAN_POINT('Origin',(24.535,60.12,-0.5));
#3049=CARTESIAN_POINT('',(24.535,72.02,-0.5));
#3050=CARTESIAN_POINT('Origin',(-40.,62.,-0.5));
#3051=CARTESIAN_POINT('',(-35.628357156332,64.426672381556,-0.5));
#3052=CARTESIAN_POINT('Origin',(-36.435,60.12,-0.5));
#3053=CARTESIAN_POINT('Origin',(-24.535,60.12,-0.5));
#3054=CARTESIAN_POINT('',(-24.535,72.02,-0.5));
#3055=CARTESIAN_POINT('Origin',(24.535,72.02,-0.5));
#3056=CARTESIAN_POINT('Origin',(36.435,-60.12,-0.5));
#3057=CARTESIAN_POINT('Origin',(-41.,16.,-2.9));
#3058=CARTESIAN_POINT('',(-41.,14.0839202169004,-2.9));
#3059=CARTESIAN_POINT('',(-41.,14.0839202169004,-2.9));
#3060=CARTESIAN_POINT('',(-41.,-68.,-2.9));
#3061=CARTESIAN_POINT('',(-41.,-68.,-2.9));
#3062=CARTESIAN_POINT('',(-41.,-68.,-2.9));
#3063=CARTESIAN_POINT('Origin',(-35.,-74.,-2.9));
#3064=CARTESIAN_POINT('',(-35.,-74.,-2.9));
#3065=CARTESIAN_POINT('',(-35.,-74.,-2.9));
#3066=CARTESIAN_POINT('',(35.,-74.,-2.9));
#3067=CARTESIAN_POINT('Origin',(-35.,-68.,-2.9));
#3068=CARTESIAN_POINT('Origin',(-35.,-68.,-2.9));
#3069=CARTESIAN_POINT('Origin',(41.,-68.,-2.9));
#3070=CARTESIAN_POINT('',(41.,14.0839202169004,-2.9));
#3071=CARTESIAN_POINT('',(41.,14.0839202169004,-2.9));
#3072=CARTESIAN_POINT('',(41.,-68.,-2.9));
#3073=CARTESIAN_POINT('',(41.,-68.,-2.9));
#3074=CARTESIAN_POINT('',(41.,16.,-2.9));
#3075=CARTESIAN_POINT('Origin',(35.,-68.,-2.9));
#3076=CARTESIAN_POINT('Origin',(35.,-68.,-2.9));
#3077=CARTESIAN_POINT('Origin',(40.,20.,-2.9));
#3078=CARTESIAN_POINT('',(46.,20.,-2.9));
#3079=CARTESIAN_POINT('Origin',(40.,20.,-2.9));
#3080=CARTESIAN_POINT('',(46.,20.,-2.9));
#3081=CARTESIAN_POINT('Origin',(0.,44.,-2.9));
#3082=CARTESIAN_POINT('',(-46.,20.,-2.9));
#3083=CARTESIAN_POINT('Origin',(-40.,20.,-2.9));
#3084=CARTESIAN_POINT('',(-46.,68.,-2.9));
#3085=CARTESIAN_POINT('',(-46.,20.,-2.9));
#3086=CARTESIAN_POINT('',(-40.,74.,-2.9));
#3087=CARTESIAN_POINT('Origin',(-40.,68.,-2.9));
#3088=CARTESIAN_POINT('',(40.,74.,-2.9));
#3089=CARTESIAN_POINT('',(-40.,74.,-2.9));
#3090=CARTESIAN_POINT('',(46.,68.,-2.9));
#3091=CARTESIAN_POINT('Origin',(40.,68.,-2.9));
#3092=CARTESIAN_POINT('',(46.,68.,-2.9));
#3093=CARTESIAN_POINT('Origin',(-40.,20.,-2.9));
#3094=CARTESIAN_POINT('',(-46.,20.,-2.9));
#3095=CARTESIAN_POINT('Origin',(-46.,68.,-2.9));
#3096=CARTESIAN_POINT('',(-46.,68.,-2.9));
#3097=CARTESIAN_POINT('Origin',(-40.,68.,-2.9));
#3098=CARTESIAN_POINT('',(-40.,74.,-2.9));
#3099=CARTESIAN_POINT('Origin',(40.,74.,-2.9));
#3100=CARTESIAN_POINT('',(40.,74.,-2.9));
#3101=CARTESIAN_POINT('Origin',(40.,68.,-2.9));
#3102=CARTESIAN_POINT('',(46.,68.,-2.9));
#3103=CARTESIAN_POINT('Origin',(46.,20.,-2.9));
#3104=UNCERTAINTY_MEASURE_WITH_UNIT(LENGTH_MEASURE(0.01),#3108,
'DISTANCE_ACCURACY_VALUE',
'Maximum model space distance between geometric entities at asserted c
onnectivities');
#3105=UNCERTAINTY_MEASURE_WITH_UNIT(LENGTH_MEASURE(0.01),#3108,
'DISTANCE_ACCURACY_VALUE',
'Maximum model space distance between geometric entities at asserted c
onnectivities');
#3106=(
GEOMETRIC_REPRESENTATION_CONTEXT(3)
GLOBAL_UNCERTAINTY_ASSIGNED_CONTEXT((#3104))
GLOBAL_UNIT_ASSIGNED_CONTEXT((#3108,#3110,#3111))
REPRESENTATION_CONTEXT('','3D')
);
#3107=(
GEOMETRIC_REPRESENTATION_CONTEXT(3)
GLOBAL_UNCERTAINTY_ASSIGNED_CONTEXT((#3105))
GLOBAL_UNIT_ASSIGNED_CONTEXT((#3108,#3110,#3111))
REPRESENTATION_CONTEXT('','3D')
);
#3108=(
LENGTH_UNIT()
NAMED_UNIT(*)
SI_UNIT(.MILLI.,.METRE.)
);
#3109=(
LENGTH_UNIT()
NAMED_UNIT(*)
SI_UNIT($,.METRE.)
);
#3110=(
NAMED_UNIT(*)
PLANE_ANGLE_UNIT()
SI_UNIT($,.RADIAN.)
);
#3111=(
NAMED_UNIT(*)
SI_UNIT($,.STERADIAN.)
SOLID_ANGLE_UNIT()
);
#3112=SHAPE_DEFINITION_REPRESENTATION(#3113,#3114);
#3113=PRODUCT_DEFINITION_SHAPE('',$,#3116);
#3114=SHAPE_REPRESENTATION('',(#1882),#3106);
#3115=PRODUCT_DEFINITION_CONTEXT('part definition',#3120,'design');
#3116=PRODUCT_DEFINITION('2026-09-07-14-44-12-521',
'Robot V1 - A Holder and Stand',#3117,#3115);
#3117=PRODUCT_DEFINITION_FORMATION('',$,#3122);
#3118=PRODUCT_RELATED_PRODUCT_CATEGORY('Robot V1 - A Holder and Stand',
'Robot V1 - A Holder and Stand',(#3122));
#3119=APPLICATION_PROTOCOL_DEFINITION('international standard',
'automotive_design',2009,#3120);
#3120=APPLICATION_CONTEXT(
'Core Data for Automotive Mechanical Design Process');
#3121=PRODUCT_CONTEXT('part definition',#3120,'mechanical');
#3122=PRODUCT('2026-09-07-14-44-12-521','Robot V1 - A Holder and Stand',
$,(#3121));
#3123=PRESENTATION_STYLE_ASSIGNMENT((#3125));
#3124=PRESENTATION_STYLE_ASSIGNMENT((#3126));
#3125=SURFACE_STYLE_USAGE(.BOTH.,#3127);
#3126=SURFACE_STYLE_USAGE(.BOTH.,#3128);
#3127=SURFACE_SIDE_STYLE('',(#3129));
#3128=SURFACE_SIDE_STYLE('',(#3130));
#3129=SURFACE_STYLE_FILL_AREA(#3131);
#3130=SURFACE_STYLE_FILL_AREA(#3132);
#3131=FILL_AREA_STYLE('\X2\92FC\X0\ - \X2\30B530C630F3\X0\',(#3133));
#3132=FILL_AREA_STYLE('Robot White PLA',(#3134));
#3133=FILL_AREA_STYLE_COLOUR('\X2\92FC\X0\ - \X2\30B530C630F3\X0\',#3135);
#3134=FILL_AREA_STYLE_COLOUR('Robot White PLA',#3136);
#3135=COLOUR_RGB('\X2\92FC\X0\ - \X2\30B530C630F3\X0\',0.627450980392157,
0.627450980392157,0.627450980392157);
#3136=COLOUR_RGB('Robot White PLA',0.92156862745098,0.913725490196078,0.882352941176471);
ENDSEC;
END-ISO-10303-21;
